Workbook

Sheet MoM Brand Wise
A1: Brand ID | B1: Brand Name | C1: Manager | D1: Jan'25 | I1: Feb'25 | N1: Mar'25 | S1: Apr'25 | X1: May'25 | AC1: Jun'25 | AH1: Jul'25 | AM1: Aug'25 | AR1: Sept'25 | AW1: Oct'25 | BB1: Overall'25
D2: ISW +WTS + Influencer+LLM Audit Counts | E2: Makers TP Counts | F2: Suppression Count | G2: Precision % | H2: Variance | I2: ISW +WTS + Influencer+LLM Audit Counts | J2: Makers TP Counts | K2: Suppression Count | L2: Precision % | M2: Variance | N2: ISW +WTS + Influencer+LLM Audit Counts | O2: Makers TP Counts | P2: Suppression Count | Q2: Precision % | R2: Variance | S2: ISW +WTS + Influencer+LLM Audit Counts | T2: Makers TP Counts | U2: Suppression Count | V2: Precision % | W2: Variance | X2: ISW +WTS + Influencer+LLM Audit Counts | Y2: Makers TP Counts | Z2: Suppression Count | AA2: Precision % | AB2: Variance | AC2: ISW +WTS + Influencer+LLM Audit Counts | AD2: Makers TP Counts | AE2: Suppression Count | AF2: Precision % | AG2: Variance | AH2: ISW +WTS + Influencer+LLM Audit Counts | AI2: Makers TP Counts | AJ2: Suppression Count | AK2: Precision % | AL2: Variance | AM2: ISW +WTS + Influencer+LLM Audit Counts | AN2: Makers TP Counts | AO2: Suppression Count | AP2: Precision % | AQ2: Variance | AR2: ISW +WTS + Influencer+LLM Audit Counts | AS2: Makers TP Counts | AT2: Suppression Count | AU2: Precision % | AV2: Variance | AW2: ISW +WTS + Influencer+LLM Audit Counts | AX2: Makers TP Counts | AY2: Suppression Count | AZ2: Precision % | BA2: Variance | BB2: ISW +WTS + Influencer+LLM Audit Counts | BC2: Makers TP Counts | BD2: Suppression Count | BE2: Precision % | BF2: Variance
A3: 326424 | B3: MagSafe | C3: Siddharth | D3: 76067 | E3: 73085 | F3: 73005 | G3: =F3/D3 -> 0.95974601 | H3: =F3-E3 -> -80 | I3: 18959 | J3: 6323 | K3: 6341 | L3: =K3/I3 -> 0.33445857 | M3: =K3-J3 -> 18 | N3: 10581 | O3: 3404 | P3: 3404 | Q3: =P3/N3 -> 0.32170872 | R3: =P3-O3 -> 0 | S3: 30167 | T3: 8960 | U3: 8937 | V3: =U3/S3 -> 0.29625087 | W3: =U3-T3 -> -23 | X3: 28799 | Y3: 15069 | Z3: 15059 | AA3: =Z3/X3 -> 0.5229001 | AB3: =Z3-Y3 -> -10 | AC3: 24848 | AD3: 6980 | AE3: 6565 | AF3: =AE3/AC3 -> 0.26420637 | AG3: =AE3-AD3 -> -415 | AH3: 17268 | AI3: 3909 | AJ3: 3807 | AK3: =AJ3/AH3 -> 0.2204656 | AM3: 19435 | AN3: 4961 | AO3: 2564 | AP3: =AO3/AM3 -> 0.13192694 | AR3: 41489 | AS3: 1255 | AT3: 1072 | AU3: =AT3/AR3 -> 0.025838174 | AV3: =AT3-AS3 -> -183 | AW3: 26559 | AX3: 527 | AY3: 450 | AZ3: =AY3/AW3 -> 0.016943409 | BB3: =AR3+AC3+X3+S3+N3+I3+D3+AM3+AH3+AW3 -> 294172 | BC3: =AS3+AD3+Y3+T3+O3+J3+E3+AN3+AI3+AX3 -> 124473 | BD3: =AT3+AE3+Z3+U3+P3+K3+F3+AO3+AJ3+AY3 -> 121204 | BE3: =BD3/BB3 -> 0.41201746
A4: 326425 | B4: Lightning | C4: Siddharth | D4: 37562 | E4: 23588 | F4: 21178 | G4: =F4/D4 -> 0.56381449 | H4: =F4-E4 -> -2410 | I4: 52104 | J4: 17123 | K4: 16154 | L4: =K4/I4 -> 0.31003378 | M4: =K4-J4 -> -969 | N4: 27471 | O4: 7395 | P4: 7271 | Q4: =P4/N4 -> 0.26467912 | R4: =P4-O4 -> -124 | S4: 46847 | T4: 9335 | U4: 9293 | V4: =U4/S4 -> 0.19836916 | W4: =U4-T4 -> -42 | X4: 29621 | Y4: 14343 | Z4: 14317 | AA4: =Z4/X4 -> 0.48333952 | AB4: =Z4-Y4 -> -26 | AC4: 28639 | AD4: 9405 | AE4: 9397 | AF4: =AE4/AC4 -> 0.328119 | AG4: =AE4-AD4 -> -8 | AH4: 23060 | AI4: 8378 | AJ4: 7929 | AK4: =AJ4/AH4 -> 0.34384215 | AM4: 15458 | AN4: 2402 | AO4: 4384 | AP4: =AO4/AM4 -> 0.28360719 | AR4: 48447 | AS4: 7672 | AT4: 7236 | AU4: =AT4/AR4 -> 0.14935909 | AV4: =AT4-AS4 -> -436 | AW4: 54848 | AX4: 5776 | AY4: 4585 | AZ4: =AY4/AW4 -> 0.083594662 | BB4: =AR4+AC4+X4+S4+N4+I4+D4+AM4+AH4+AW4 -> 364057 | BC4: =AS4+AD4+Y4+T4+O4+J4+E4+AN4+AI4+AX4 -> 105417 | BD4: =AT4+AE4+Z4+U4+P4+K4+F4+AO4+AJ4+AY4 -> 101744 | BE4: =BD4/BB4 -> 0.27947272
A5: 242269 | B5: Porsche | C5: Siddharth | D5: 239 | E5: 122 | F5: 121 | G5: =F5/D5 -> 0.50627615 | H5: =F5-E5 -> -1 | I5: 16991 | J5: 1152 | K5: 962 | L5: =K5/I5 -> 0.05661821 | M5: =K5-J5 -> -190 | N5: 7723 | O5: 0 | P5: 0 | Q5: =P5/N5 -> 0 | R5: =P5-O5 -> 0 | S5: 854 | T5: 21 | U5: 24 | V5: =U5/S5 -> 0.028103044 | W5: =U5-T5 -> 3 | X5: 15155 | Y5: 1418 | Z5: 994 | AA5: =Z5/X5 -> 0.065588915 | AB5: =Z5-Y5 -> -424 | AC5: 12043 | AD5: 663 | AE5: 594 | AF5: =AE5/AC5 -> 0.049323258 | AG5: =AE5-AD5 -> -69 | AH5: 20350 | AI5: 749 | AJ5: 359 | AK5: =AJ5/AH5 -> 0.017641278 | AM5: 33218 | AN5: 1873 | AO5: 1531 | AP5: =AO5/AM5 -> 0.04608947 | AR5: 62026 | AS5: 1196 | AT5: 683 | AU5: =AT5/AR5 -> 0.011011511 | AV5: =AT5-AS5 -> -513 | AW5: 63047 | AX5: 1716 | AY5: 1246 | AZ5: =AY5/AW5 -> 0.019763034 | BB5: =AR5+AC5+X5+S5+N5+I5+D5+AM5+AH5+AW5 -> 231646 | BC5: =AS5+AD5+Y5+T5+O5+J5+E5+AN5+AI5+AX5 -> 8910 | BD5: =AT5+AE5+Z5+U5+P5+K5+F5+AO5+AJ5+AY5 -> 6514 | BE5: =BD5/BB5 -> 0.028120494
A6: 326696 | B6: MINI | C6: Siddharth | D6: 2442 | E6: 1471 | F6: 1048 | G6: =F6/D6 -> 0.42915643 | H6: =F6-E6 -> -423 | I6: 1400 | J6: 888 | K6: 738 | L6: =K6/I6 -> 0.52714286 | M6: =K6-J6 -> -150 | N6: 1767 | O6: 615 | P6: 501 | Q6: =P6/N6 -> 0.28353141 | R6: =P6-O6 -> -114 | S6: 1681 | T6: 400 | U6: 234 | V6: =U6/S6 -> 0.13920286 | W6: =U6-T6 -> -166 | X6: 3877 | Y6: 128 | Z6: 29 | AA6: =Z6/X6 -> 0.0074800103 | AB6: =Z6-Y6 -> -99 | AC6: 6490 | AD6: 284 | AE6: 273 | AF6: =AE6/AC6 -> 0.042064715 | AG6: =AE6-AD6 -> -11 | AH6: 1240 | AI6: 476 | AJ6: 453 | AK6: =AJ6/AH6 -> 0.36532258 | AM6: 11110 | AN6: 276 | AO6: 165 | AP6: =AO6/AM6 -> 0.014851485 | AR6: 8996 | AS6: 419 | AT6: 152 | AU6: =AT6/AR6 -> 0.016896398 | AV6: =AT6-AS6 -> -267 | AW6: 328 | AX6: 272 | AY6: 193 | AZ6: =AY6/AW6 -> 0.58841463 | BB6: =AR6+AC6+X6+S6+N6+I6+D6+AM6+AH6+AW6 -> 39331 | BC6: =AS6+AD6+Y6+T6+O6+J6+E6+AN6+AI6+AX6 -> 5229 | BD6: =AT6+AE6+Z6+U6+P6+K6+F6+AO6+AJ6+AY6 -> 3786 | BE6: =BD6/BB6 -> 0.096259948
A7: 110955 | B7: Apple | C7: Siddharth | D7: 68112 | E7: 15950 | F7: 20293 | G7: =F7/D7 -> 0.29793575 | H7: =F7-E7 -> 4343 | I7: 81796 | J7: 14546 | K7: 13790 | L7: =K7/I7 -> 0.16859015 | M7: =K7-J7 -> -756 | N7: 63600 | O7: 18118 | P7: 16798 | Q7: =P7/N7 -> 0.2641195 | R7: =P7-O7 -> -1320 | S7: 75102 | T7: 16663 | U7: 15360 | V7: =U7/S7 -> 0.20452185 | W7: =U7-T7 -> -1303 | X7: 64719 | Y7: 27953 | Z7: 26096 | AA7: =Z7/X7 -> 0.40322007 | AB7: =Z7-Y7 -> -1857 | AC7: 40450 | AD7: 7339 | AE7: 8355 | AF7: =AE7/AC7 -> 0.2065513 | AG7: =AE7-AD7 -> 1016 | AH7: 55291 | AI7: 7397 | AJ7: 6665 | AK7: =AJ7/AH7 -> 0.12054403 | AM7: 74583 | AN7: 8572 | AO7: 7709 | AP7: =AO7/AM7 -> 0.10336136 | AR7: 170623 | AS7: 27355 | AT7: 24062 | AU7: =AT7/AR7 -> 0.14102436 | AV7: =AT7-AS7 -> -3293 | AW7: 145996 | AX7: 24004 | AY7: 27042 | AZ7: =AY7/AW7 -> 0.18522425 | BB7: =AR7+AC7+X7+S7+N7+I7+D7+AM7+AH7+AW7 -> 840272 | BC7: =AS7+AD7+Y7+T7+O7+J7+E7+AN7+AI7+AX7 -> 167897 | BD7: =AT7+AE7+Z7+U7+P7+K7+F7+AO7+AJ7+AY7 -> 166170 | BE7: =BD7/BB7 -> 0.19775739
A8: 213407 | B8: Chevrolet | C8: Siddharth | D8: 58235 | E8: 19937 | F8: 15775 | G8: =F8/D8 -> 0.27088521 | H8: =F8-E8 -> -4162 | I8: 65023 | J8: 11347 | K8: 9146 | L8: =K8/I8 -> 0.14065792 | M8: =K8-J8 -> -2201 | N8: 48775 | O8: 9158 | P8: 6962 | Q8: =P8/N8 -> 0.14273706 | R8: =P8-O8 -> -2196 | S8: 59668 | T8: 16736 | U8: 14485 | V8: =U8/S8 -> 0.24275994 | W8: =U8-T8 -> -2251 | X8: 37225 | Y8: 7185 | Z8: 5783 | AA8: =Z8/X8 -> 0.15535259 | AB8: =Z8-Y8 -> -1402 | AC8: 16071 | AD8: 3047 | AE8: 2435 | AF8: =AE8/AC8 -> 0.15151515 | AG8: =AE8-AD8 -> -612 | AH8: 14616 | AI8: 1534 | AJ8: 1450 | AK8: =AJ8/AH8 -> 0.099206349 | AM8: 48512 | AN8: 4102 | AO8: 3208 | AP8: =AO8/AM8 -> 0.066127968 | AR8: 21785 | AS8: 372 | AT8: 179 | AU8: =AT8/AR8 -> 0.0082166628 | AV8: =AT8-AS8 -> -193 | AW8: 18179 | AX8: 218 | AY8: 57 | AZ8: =AY8/AW8 -> 0.003135486 | BB8: =AR8+AC8+X8+S8+N8+I8+D8+AM8+AH8+AW8 -> 388089 | BC8: =AS8+AD8+Y8+T8+O8+J8+E8+AN8+AI8+AX8 -> 73636 | BD8: =AT8+AE8+Z8+U8+P8+K8+F8+AO8+AJ8+AY8 -> 59480 | BE8: =BD8/BB8 -> 0.15326381
A9: 553871 | B9: SWOOSH | C9: Siddharth | D9: 50632 | E9: 16520 | F9: 13063 | G9: =F9/D9 -> 0.25799889 | H9: =F9-E9 -> -3457 | I9: 33130 | J9: 9991 | K9: 8440 | L9: =K9/I9 -> 0.254754 | M9: =K9-J9 -> -1551 | N9: 19990 | O9: 4997 | P9: 5695 | Q9: =P9/N9 -> 0.28489245 | R9: =P9-O9 -> 698 | S9: 37861 | T9: 7987 | U9: 6972 | V9: =U9/S9 -> 0.18414728 | W9: =U9-T9 -> -1015 | X9: 49660 | Y9: 6743 | Z9: 6903 | AA9: =Z9/X9 -> 0.13900524 | AB9: =Z9-Y9 -> 160 | AC9: 32179 | AD9: 4346 | AE9: 3553 | AF9: =AE9/AC9 -> 0.11041362 | AG9: =AE9-AD9 -> -793 | AH9: 169981 | AI9: 56033 | AJ9: 68758 | AK9: =AJ9/AH9 -> 0.40450403 | AM9: 430286 | AN9: 294156 | AO9: 248225 | AP9: =AO9/AM9 -> 0.57688375 | AR9: 157767 | AS9: 138538 | AT9: 122335 | AU9: =AT9/AR9 -> 0.77541564 | AV9: =AT9-AS9 -> -16203 | AW9: 102214 | AX9: 87553 | AY9: 105479 | AZ9: =AY9/AW9 -> 1.0319428 | BB9: =AR9+AC9+X9+S9+N9+I9+D9+AM9+AH9+AW9 -> 1083700 | BC9: =AS9+AD9+Y9+T9+O9+J9+E9+AN9+AI9+AX9 -> 626864 | BD9: =AT9+AE9+Z9+U9+P9+K9+F9+AO9+AJ9+AY9 -> 589423 | BE9: =BD9/BB9 -> 0.54389868
A10: 338695 | B10: BULLI | C10: Siddharth | D10: 60569 | E10: 15337 | F10: 15369 | G10: =F10/D10 -> 0.25374366 | H10: =F10-E10 -> 32 | I10: 50402 | J10: 14080 | K10: 10445 | L10: =K10/I10 -> 0.20723384 | M10: =K10-J10 -> -3635 | N10: 28019 | O10: 9573 | P10: 11952 | Q10: =P10/N10 -> 0.42656769 | R10: =P10-O10 -> 2379 | S10: 38862 | T10: 13893 | U10: 12554 | V10: =U10/S10 -> 0.3230405 | W10: =U10-T10 -> -1339 | X10: 38370 | Y10: 10700 | Z10: 8569 | AA10: =Z10/X10 -> 0.22332551 | AB10: =Z10-Y10 -> -2131 | AC10: 51762 | AD10: 15193 | AE10: 15506 | AF10: =AE10/AC10 -> 0.29956339 | AG10: =AE10-AD10 -> 313 | AH10: 24535 | AI10: 2988 | AJ10: 3158 | AK10: =AJ10/AH10 -> 0.12871408 | AM10: 11517 | AN10: 2549 | AO10: 1692 | AP10: =AO10/AM10 -> 0.14691326 | AR10: 36169 | AS10: 12512 | AT10: 10844 | AU10: =AT10/AR10 -> 0.29981476 | AV10: =AT10-AS10 -> -1668 | AW10: 39234 | AX10: 7085 | AY10: 4322 | AZ10: =AY10/AW10 -> 0.11015956 | BB10: =AR10+AC10+X10+S10+N10+I10+D10+AM10+AH10+AW10 -> 379439 | BC10: =AS10+AD10+Y10+T10+O10+J10+E10+AN10+AI10+AX10 -> 103910 | BD10: =AT10+AE10+Z10+U10+P10+K10+F10+AO10+AJ10+AY10 -> 94411 | BE10: =BD10/BB10 -> 0.24881733
A11: 326694 | B11: M | C11: Siddharth | D11: 50510 | E11: 13108 | F11: 12590 | G11: =F11/D11 -> 0.24925757 | H11: =F11-E11 -> -518 | I11: 40377 | J11: 16090 | K11: 12299 | L11: =K11/I11 -> 0.30460411 | M11: =K11-J11 -> -3791 | N11: 22132 | O11: 16650 | P11: 19518 | Q11: =P11/N11 -> 0.88189048 | R11: =P11-O11 -> 2868 | S11: 34508 | T11: 17931 | U11: 15937 | V11: =U11/S11 -> 0.46183494 | W11: =U11-T11 -> -1994 | X11: 43322 | Y11: 18600 | Z11: 14573 | AA11: =Z11/X11 -> 0.33638798 | AB11: =Z11-Y11 -> -4027 | AC11: 31047 | AD11: 22800 | AE11: 24118 | AF11: =AE11/AC11 -> 0.77682224 | AG11: =AE11-AD11 -> 1318 | AH11: 37170 | AI11: 26814 | AJ11: 24995 | AK11: =AJ11/AH11 -> 0.6724509 | AM11: 49173 | AN11: 16760 | AO11: 11967 | AP11: =AO11/AM11 -> 0.24336526 | AR11: 28814 | AS11: 23529 | AT11: 15689 | AU11: =AT11/AR11 -> 0.54449226 | AV11: =AT11-AS11 -> -7840 | AW11: 34820 | AX11: 21981 | AY11: 19323 | AZ11: =AY11/AW11 -> 0.55493969 | BB11: =AR11+AC11+X11+S11+N11+I11+D11+AM11+AH11+AW11 -> 371873 | BC11: =AS11+AD11+Y11+T11+O11+J11+E11+AN11+AI11+AX11 -> 194263 | BD11: =AT11+AE11+Z11+U11+P11+K11+F11+AO11+AJ11+AY11 -> 171009 | BE11: =BD11/BB11 -> 0.45985861
A12: 326429 | B12: Apple WATCH | C12: Siddharth | D12: 58999 | E12: 13746 | F12: 13646 | G12: =F12/D12 -> 0.23129206 | H12: =F12-E12 -> -100 | I12: 68790 | J12: 14875 | K12: 14354 | L12: =K12/I12 -> 0.20866405 | M12: =K12-J12 -> -521 | N12: 70241 | O12: 44126 | P12: 44075 | Q12: =P12/N12 -> 0.62748252 | R12: =P12-O12 -> -51 | S12: 40275 | T12: 8958 | U12: 8604 | V12: =U12/S12 -> 0.21363128 | W12: =U12-T12 -> -354 | X12: 35346 | Y12: 6875 | Z12: 6605 | AA12: =Z12/X12 -> 0.18686697 | AB12: =Z12-Y12 -> -270 | AC12: 37198 | AD12: 12538 | AE12: 9773 | AF12: =AE12/AC12 -> 0.26272918 | AG12: =AE12-AD12 -> -2765 | AH12: 49461 | AI12: 9607 | AJ12: 9212 | AK12: =AJ12/AH12 -> 0.18624775 | AM12: 103168 | AN12: 11661 | AO12: 12975 | AP12: =AO12/AM12 -> 0.12576574 | AR12: 144336 | AS12: 19073 | AT12: 17104 | AU12: =AT12/AR12 -> 0.11850127 | AV12: =AT12-AS12 -> -1969 | AW12: 126397 | AX12: 7824 | AY12: 10040 | AZ12: =AY12/AW12 -> 0.079432265 | BB12: =AR12+AC12+X12+S12+N12+I12+D12+AM12+AH12+AW12 -> 734211 | BC12: =AS12+AD12+Y12+T12+O12+J12+E12+AN12+AI12+AX12 -> 149283 | BD12: =AT12+AE12+Z12+U12+P12+K12+F12+AO12+AJ12+AY12 -> 146388 | BE12: =BD12/BB12 -> 0.19938138
A13: 338748 | B13: VOLKSWAGEN | C13: Siddharth | D13: 388 | E13: 114 | F13: 76 | G13: =F13/D13 -> 0.19587629 | H13: =F13-E13 -> -38 | I13: 622 | J13: 216 | K13: 70 | L13: =K13/I13 -> 0.11254019 | M13: =K13-J13 -> -146 | N13: 290 | O13: 47 | P13: 135 | Q13: =P13/N13 -> 0.46551724 | R13: =P13-O13 -> 88 | S13: 2850 | T13: 85 | U13: 64 | V13: =U13/S13 -> 0.02245614 | W13: =U13-T13 -> -21 | X13: 1161 | Y13: 18 | Z13: 42 | AA13: =Z13/X13 -> 0.036175711 | AB13: =Z13-Y13 -> 24 | AC13: 3584 | AD13: 76 | AE13: 8 | AF13: =AE13/AC13 -> 0.0022321429 | AG13: =AE13-AD13 -> -68 | AH13: 203 | AI13: 3 | AJ13: 4 | AK13: =AJ13/AH13 -> 0.019704433 | AM13: 4953 | AN13: 80 | AO13: 21 | AP13: =AO13/AM13 -> 0.0042398546 | AR13: 11218 | AS13: 360 | AT13: 172 | AU13: =AT13/AR13 -> 0.015332501 | AV13: =AT13-AS13 -> -188 | AW13: 3986 | AX13: 114 | AY13: 43 | AZ13: =AY13/AW13 -> 0.010787757 | BB13: =AR13+AC13+X13+S13+N13+I13+D13+AM13+AH13+AW13 -> 29255 | BC13: =AS13+AD13+Y13+T13+O13+J13+E13+AN13+AI13+AX13 -> 1113 | BD13: =AT13+AE13+Z13+U13+P13+K13+F13+AO13+AJ13+AY13 -> 635 | BE13: =BD13/BB13 -> 0.021705691
A14: 498419 | B14: JUMPMAN | C14: Siddharth | D14: 22808 | E14: 5069 | F14: 3781 | G14: =F14/D14 -> 0.16577517 | H14: =F14-E14 -> -1288 | I14: 15522 | J14: 6293 | K14: 5961 | L14: =K14/I14 -> 0.38403556 | M14: =K14-J14 -> -332 | N14: 19518 | O14: 4520 | P14: 3805 | Q14: =P14/N14 -> 0.19494825 | R14: =P14-O14 -> -715 | S14: 33704 | T14: 11601 | U14: 5088 | V14: =U14/S14 -> 0.15096131 | W14: =U14-T14 -> -6513 | X14: 51378 | Y14: 7960 | Z14: 3971 | AA14: =Z14/X14 -> 0.077289891 | AB14: =Z14-Y14 -> -3989 | AC14: 74140 | AD14: 10596 | AE14: 3624 | AF14: =AE14/AC14 -> 0.048880496 | AG14: =AE14-AD14 -> -6972 | AH14: 82416 | AI14: 7444 | AJ14: 2703 | AK14: =AJ14/AH14 -> 0.03279703 | AM14: 50566 | AN14: 2025 | AO14: 1154 | AP14: =AO14/AM14 -> 0.022821659 | AR14: 3892 | AS14: 2002 | AT14: 594 | AU14: =AT14/AR14 -> 0.15262076 | AV14: =AT14-AS14 -> -1408 | AW14: 8946 | AX14: 57 | AY14: 58 | AZ14: =AY14/AW14 -> 0.0064833445 | BB14: =AR14+AC14+X14+S14+N14+I14+D14+AM14+AH14+AW14 -> 362890 | BC14: =AS14+AD14+Y14+T14+O14+J14+E14+AN14+AI14+AX14 -> 57567 | BD14: =AT14+AE14+Z14+U14+P14+K14+F14+AO14+AJ14+AY14 -> 30739 | BE14: =BD14/BB14 -> 0.084706109
... A22: 422074 | B22: S LINE | C22: Siddharth | D22: 2420 | E22: 318 | F22: 247 | G22: =F22/D22 -> 0.10206612 | H22: =F22-E22 -> -71 | I22: 1163 | J22: 134 | K22: 104 | L22: =K22/I22 -> 0.089423904 | M22: =K22-J22 -> -30 | N22: 7973 | O22: 5839 | P22: 5562 | Q22: =P22/N22 -> 0.69760441 | R22: =P22-O22 -> -277 | S22: 3753 | T22: 710 | U22: 630 | V22: =U22/S22 -> 0.16786571 | W22: =U22-T22 -> -80 | X22: 4381 | Y22: 244 | Z22: 329 | AA22: =Z22/X22 -> 0.07509701 | AB22: =Z22-Y22 -> 85 | AC22: 9374 | AD22: 736 | AE22: 529 | AF22: =AE22/AC22 -> 0.056432686 | AG22: =AE22-AD22 -> -207 | AH22: 11364 | AI22: 934 | AJ22: 1371 | AK22: =AJ22/AH22 -> 0.12064414 | AM22: 87606 | AN22: 54494 | AO22: 67924 | AP22: =AO22/AM22 -> 0.77533502 | AR22: 3995 | AS22: 784 | AT22: 673 | AU22: =AT22/AR22 -> 0.16846058 | AV22: =AT22-AS22 -> -111 | AW22: 6783 | AX22: 381 | AY22: 279 | AZ22: =AY22/AW22 -> 0.041132242 | BB22: =AR22+AC22+X22+S22+N22+I22+D22+AM22+AH22+AW22 -> 138812 | BC22: =AS22+AD22+Y22+T22+O22+J22+E22+AN22+AI22+AX22 -> 64574 | BD22: =AT22+AE22+Z22+U22+P22+K22+F22+AO22+AJ22+AY22 -> 77648 | BE22: =BD22/BB22 -> 0.55937527
A23: 553982 | B23: K I | C23: Siddharth | D23: 2159 | E23: 259 | F23: 189 | G23: =F23/D23 -> 0.087540528 | H23: =F23-E23 -> -70 | I23: 647 | J23: 148 | K23: 108 | L23: =K23/I23 -> 0.16692427 | M23: =K23-J23 -> -40 | N23: 12 | O23: 12 | P23: 51 | Q23: =P23/N23 -> 4.25 | R23: =P23-O23 -> 39 | S23: 1136 | T23: 73 | U23: 64 | V23: =U23/S23 -> 0.056338028 | W23: =U23-T23 -> -9 | X23: 27 | Y23: 27 | Z23: 27 | AA23: =Z23/X23 -> 1 | AB23: =Z23-Y23 -> 0 | AC23: 24 | AD23: 24 | AE23: 24 | AF23: =AE23/AC23 -> 1 | AG23: =AE23-AD23 -> 0 | AH23: 4312 | AI23: 34 | AJ23: 33 | AK23: =AJ23/AH23 -> 0.0076530612 | AM23: 2676 | AN23: 0 | AP23: =AO23/AM23 -> 0 | AR23: 2684 | AS23: 0 | AU23: =AT23/AR23 -> 0 | AV23: =AT23-AS23 -> 0 | AW23: 513 | AX23: 0 | AZ23: =AY23/AW23 -> 0 | BB23: =AR23+AC23+X23+S23+N23+I23+D23+AM23+AH23+AW23 -> 14190 | BC23: =AS23+AD23+Y23+T23+O23+J23+E23+AN23+AI23+AX23 -> 577 | BD23: =AT23+AE23+Z23+U23+P23+K23+F23+AO23+AJ23+AY23 -> 496 | BE23: =BD23/BB23 -> 0.034954193
A24: 338933 | B24: Xiaomi | C24: Siddharth | D24: 2510 | E24: 215 | F24: 0 | G24: =F24/D24 -> 0 | H24: =F24-E24 -> -215 | I24: 7795 | J24: 0 | K24: 0 | L24: =K24/I24 -> 0 | M24: =K24-J24 -> 0 | N24: 0 | O24: 0 | P24: 0 | Q24: =P24/N24 -> #DIV/0! | R24: =P24-O24 -> 0 | S24: 982 | T24: 149 | U24: 46 | V24: =U24/S24 -> 0.046843177 | W24: =U24-T24 -> -103 | X24: 10122 | Y24: 1540 | Z24: 1535 | AA24: =Z24/X24 -> 0.15164987 | AB24: =Z24-Y24 -> -5 | AC24: 1000 | AD24: 1 | AE24: 1 | AF24: =AE24/AC24 -> 0.001 | AG24: =AE24-AD24 -> 0 | AH24: 8189 | AI24: 906 | AJ24: 1702 | AK24: =AJ24/AH24 -> 0.20783979 | AM24: 29080 | AN24: 2339 | AO24: 840 | AP24: =AO24/AM24 -> 0.028885832 | AR24: 13931 | AS24: 396 | AT24: 389 | AU24: =AT24/AR24 -> 0.027923336 | AV24: =AT24-AS24 -> -7 | AW24: 22035 | AX24: 723 | AY24: 625 | AZ24: =AY24/AW24 -> 0.028363966 | BB24: =AR24+AC24+X24+S24+N24+I24+D24+AM24+AH24+AW24 -> 95644 | BC24: =AS24+AD24+Y24+T24+O24+J24+E24+AN24+AI24+AX24 -> 6269 | BD24: =AT24+AE24+Z24+U24+P24+K24+F24+AO24+AJ24+AY24 -> 5138 | BE24: =BD24/BB24 -> 0.053720045
A25: 327281 | B25: AirPods | C25: Siddharth | D25: 28404 | E25: 2440 | F25: 2387 | G25: =F25/D25 -> 0.08403746 | H25: =F25-E25 -> -53 | I25: 28642 | J25: 2841 | K25: 2485 | L25: =K25/I25 -> 0.086760701 | M25: =K25-J25 -> -356 | N25: 38394 | O25: 3708 | P25: 3601 | Q25: =P25/N25 -> 0.093790696 | R25: =P25-O25 -> -107 | S25: 41270 | T25: 3511 | U25: 3378 | V25: =U25/S25 -> 0.081851224 | W25: =U25-T25 -> -133 | X25: 26248 | Y25: 1213 | Z25: 1186 | AA25: =Z25/X25 -> 0.045184395 | AB25: =Z25-Y25 -> -27 | AC25: 24993 | AD25: 1001 | AE25: 966 | AF25: =AE25/AC25 -> 0.038650822 | AG25: =AE25-AD25 -> -35 | AH25: 44284 | AI25: 3644 | AJ25: 3410 | AK25: =AJ25/AH25 -> 0.077002981 | AM25: 44018 | AN25: 13612 | AO25: 13455 | AP25: =AO25/AM25 -> 0.30567041 | AR25: 148021 | AS25: 69751 | AT25: 69085 | AU25: =AT25/AR25 -> 0.46672432 | AV25: =AT25-AS25 -> -666 | AW25: 109992 | AX25: 6840 | AY25: 6970 | AZ25: =AY25/AW25 -> 0.063368245 | BB25: =AR25+AC25+X25+S25+N25+I25+D25+AM25+AH25+AW25 -> 534266 | BC25: =AS25+AD25+Y25+T25+O25+J25+E25+AN25+AI25+AX25 -> 108561 | BD25: =AT25+AE25+Z25+U25+P25+K25+F25+AO25+AJ25+AY25 -> 106923 | BE25: =BD25/BB25 -> 0.20013065
A26: 322632 | B26: BMW | C26: Siddharth | D26: 33417 | E26: 3094 | F26: 2486 | G26: =F26/D26 -> 0.074393273 | H26: =F26-E26 -> -608 | I26: 34830 | J26: 5754 | K26: 5059 | L26: =K26/I26 -> 0.14524835 | M26: =K26-J26 -> -695 | N26: 102671 | O26: 81655 | P26: 80193 | Q26: =P26/N26 -> 0.78106768 | R26: =P26-O26 -> -1462 | S26: 59050 | T26: 24289 | U26: 23488 | V26: =U26/S26 -> 0.39776461 | W26: =U26-T26 -> -801 | X26: 39584 | Y26: 4202 | Z26: 4049 | AA26: =Z26/X26 -> 0.1022888 | AB26: =Z26-Y26 -> -153 | AC26: 44469 | AD26: 6152 | AE26: 5400 | AF26: =AE26/AC26 -> 0.12143291 | AG26: =AE26-AD26 -> -752 | AH26: 23308 | AI26: 1440 | AJ26: 1437 | AK26: =AJ26/AH26 -> 0.061652651 | AM26: 77153 | AN26: 9974 | AO26: 6945 | AP26: =AO26/AM26 -> 0.090015942 | AR26: 70259 | AS26: 4847 | AT26: 4926 | AU26: =AT26/AR26 -> 0.070112014 | AV26: =AT26-AS26 -> 79 | AW26: 46427 | AX26: 3338 | AY26: 2644 | AZ26: =AY26/AW26 -> 0.05694962 | BB26: =AR26+AC26+X26+S26+N26+I26+D26+AM26+AH26+AW26 -> 531168 | BC26: =AS26+AD26+Y26+T26+O26+J26+E26+AN26+AI26+AX26 -> 144745 | BD26: =AT26+AE26+Z26+U26+P26+K26+F26+AO26+AJ26+AY26 -> 136627 | BE26: =BD26/BB26 -> 0.25721994
A27: 404904 | B27: JUST DO IT | C27: Siddharth | D27: 182 | E27: 17 | F27: 11 | G27: =F27/D27 -> 0.06043956 | H27: =F27-E27 -> -6 | I27: 209 | J27: 209 | K27: 205 | L27: =K27/I27 -> 0.98086124 | M27: =K27-J27 -> -4 | N27: 496 | O27: 144 | P27: 54 | Q27: =P27/N27 -> 0.10887097 | R27: =P27-O27 -> -90 | S27: 2022 | T27: 1168 | U27: 1240 | V27: =U27/S27 -> 0.6132542 | W27: =U27-T27 -> 72 | X27: 58 | Y27: 58 | Z27: 57 | AA27: =Z27/X27 -> 0.98275862 | AB27: =Z27-Y27 -> -1 | AC27: 12 | AD27: 12 | AE27: 6 | AF27: =AE27/AC27 -> 0.5 | AG27: =AE27-AD27 -> -6 | AH27: 35912 | AI27: 37 | AJ27: 30 | AK27: =AJ27/AH27 -> 0.00083537536 | AM27: 49368 | AN27: 183 | AO27: 118 | AP27: =AO27/AM27 -> 0.0023902123 | AR27: 9903 | AS27: 105 | AT27: 102 | AU27: =AT27/AR27 -> 0.010299909 | AV27: =AT27-AS27 -> -3 | AW27: 7288 | AX27: 0 | AZ27: =AY27/AW27 -> 0 | BB27: =AR27+AC27+X27+S27+N27+I27+D27+AM27+AH27+AW27 -> 105450 | BC27: =AS27+AD27+Y27+T27+O27+J27+E27+AN27+AI27+AX27 -> 1933 | BD27: =AT27+AE27+Z27+U27+P27+K27+F27+AO27+AJ27+AY27 -> 1823 | BE27: =BD27/BB27 -> 0.017287814
A28: 358973 | B28: AUDI | C28: Siddharth | D28: 44354 | E28: 3458 | F28: 2610 | G28: =F28/D28 -> 0.058844749 | H28: =F28-E28 -> -848 | I28: 35150 | J28: 4461 | K28: 3637 | L28: =K28/I28 -> 0.10347084 | M28: =K28-J28 -> -824 | N28: 119684 | O28: 92657 | P28: 91490 | Q28: =P28/N28 -> 0.76442966 | R28: =P28-O28 -> -1167 | S28: 55539 | T28: 20876 | U28: 20434 | V28: =U28/S28 -> 0.36792164 | W28: =U28-T28 -> -442 | X28: 60222 | Y28: 11540 | Z28: 9939 | AA28: =Z28/X28 -> 0.16503935 | AB28: =Z28-Y28 -> -1601 | AC28: 42743 | AD28: 4592 | AE28: 4276 | AF28: =AE28/AC28 -> 0.10003977 | AG28: =AE28-AD28 -> -316 | AH28: 46607 | AI28: 8298 | AJ28: 7571 | AK28: =AJ28/AH28 -> 0.16244341 | AM28: 65001 | AN28: 26046 | AO28: 25452 | AP28: =AO28/AM28 -> 0.39156321 | AR28: 41863 | AS28: 7073 | AT28: 6536 | AU28: =AT28/AR28 -> 0.15612832 | AV28: =AT28-AS28 -> -537 | AW28: 18163 | AX28: 1851 | AY28: 2034 | AZ28: =AY28/AW28 -> 0.11198591 | BB28: =AR28+AC28+X28+S28+N28+I28+D28+AM28+AH28+AW28 -> 529326 | BC28: =AS28+AD28+Y28+T28+O28+J28+E28+AN28+AI28+AX28 -> 180852 | BD28: =AT28+AE28+Z28+U28+P28+K28+F28+AO28+AJ28+AY28 -> 173979 | BE28: =BD28/BB28 -> 0.32868025
A29: 234394 | B29: NIKE | C29: Siddharth | D29: 699 | E29: 48 | F29: 41 | G29: =F29/D29 -> 0.058655222 | H29: =F29-E29 -> -7 | I29: 12178 | J29: 1038 | K29: 9 | L29: =K29/I29 -> 0.00073903761 | M29: =K29-J29 -> -1029 | N29: 2229 | O29: 512 | P29: 1522 | Q29: =P29/N29 -> 0.68281741 | R29: =P29-O29 -> 1010 | S29: 6478 | T29: 526 | U29: 523 | V29: =U29/S29 -> 0.080734795 | W29: =U29-T29 -> -3 | X29: 7087 | Y29: 1032 | Z29: 1019 | AA29: =Z29/X29 -> 0.14378439 | AB29: =Z29-Y29 -> -13 | AC29: 10322 | AD29: 2467 | AE29: 2326 | AF29: =AE29/AC29 -> 0.22534393 | AG29: =AE29-AD29 -> -141 | AH29: 81455 | AI29: 1287 | AJ29: 4647 | AK29: =AJ29/AH29 -> 0.057049905 | AM29: 72164 | AN29: 250 | AO29: 1030 | AP29: =AO29/AM29 -> 0.014273045 | AR29: 11011 | AS29: 541 | AT29: 540 | AU29: =AT29/AR29 -> 0.049041867 | AV29: =AT29-AS29 -> -1 | AW29: 6468 | AX29: 65 | AZ29: =AY29/AW29 -> 0 | BB29: =AR29+AC29+X29+S29+N29+I29+D29+AM29+AH29+AW29 -> 210091 | BC29: =AS29+AD29+Y29+T29+O29+J29+E29+AN29+AI29+AX29 -> 7766 | BD29: =AT29+AE29+Z29+U29+P29+K29+F29+AO29+AJ29+AY29 -> 11657 | BE29: =BD29/BB29 -> 0.05548548
A30: 359121 | B30: Canon | C30: Siddharth | D30: 5000 | E30: 417 | F30: 226 | G30: =F30/D30 -> 0.0452 | H30: =F30-E30 -> -191 | I30: 4944 | J30: 287 | K30: 274 | L30: =K30/I30 -> 0.055420712 | M30: =K30-J30 -> -13 | N30: 10003 | O30: 252 | P30: 246 | Q30: =P30/N30 -> 0.024592622 | R30: =P30-O30 -> -6 | S30: 2602 | T30: 0 | U30: 0 | V30: =U30/S30 -> 0 | W30: =U30-T30 -> 0 | X30: 3071 | Y30: 595 | Z30: 579 | AA30: =Z30/X30 -> 0.18853794 | AB30: =Z30-Y30 -> -16 | AC30: 1000 | AD30: 1 | AE30: 1 | AF30: =AE30/AC30 -> 0.001 | AG30: =AE30-AD30 -> 0 | AH30: 6888 | AI30: 198 | AJ30: 156 | AK30: =AJ30/AH30 -> 0.022648084 | AM30: 23783 | AN30: 813 | AO30: 332 | AP30: =AO30/AM30 -> 0.013959551 | AR30: 17594 | AS30: 134 | AT30: 84 | AU30: =AT30/AR30 -> 0.0047743549 | AV30: =AT30-AS30 -> -50 | AW30: 4167 | AX30: 273 | AY30: 169 | AZ30: =AY30/AW30 -> 0.040556755 | BB30: =AR30+AC30+X30+S30+N30+I30+D30+AM30+AH30+AW30 -> 79052 | BC30: =AS30+AD30+Y30+T30+O30+J30+E30+AN30+AI30+AX30 -> 2970 | BD30: =AT30+AE30+Z30+U30+P30+K30+F30+AO30+AJ30+AY30 -> 2067 | BE30: =BD30/BB30 -> 0.026147346
A31: 235110 | B31: Van Cleef & Arpels | C31: Siddharth | D31: 3036 | E31: 289 | F31: 126 | G31: =F31/D31 -> 0.041501976 | H31: =F31-E31 -> -163 | I31: 4175 | J31: 522 | K31: 266 | L31: =K31/I31 -> 0.063712575 | M31: =K31-J31 -> -256 | N31: 3309 | O31: 522 | P31: 196 | Q31: =P31/N31 -> 0.059232396 | R31: =P31-O31 -> -326 | S31: 7304 | T31: 891 | U31: 421 | V31: =U31/S31 -> 0.05763965 | W31: =U31-T31 -> -470 | X31: 5344 | Y31: 334 | Z31: 341 | AA31: =Z31/X31 -> 0.06380988 | AB31: =Z31-Y31 -> 7 | AC31: 5904 | AD31: 1350 | AE31: 1092 | AF31: =AE31/AC31 -> 0.18495935 | AG31: =AE31-AD31 -> -258 | AH31: 17075 | AI31: 778 | AJ31: 535 | AK31: =AJ31/AH31 -> 0.031332357 | AM31: 5238 | AN31: 1037 | AO31: 705 | AP31: =AO31/AM31 -> 0.13459336 | AR31: 11637 | AS31: 1804 | AT31: 650 | AU31: =AT31/AR31 -> 0.05585632 | AV31: =AT31-AS31 -> -1154 | AW31: 12750 | AX31: 2205 | AY31: 941 | AZ31: =AY31/AW31 -> 0.073803922 | BB31: =AR31+AC31+X31+S31+N31+I31+D31+AM31+AH31+AW31 -> 75772 | BC31: =AS31+AD31+Y31+T31+O31+J31+E31+AN31+AI31+AX31 -> 9732 | BD31: =AT31+AE31+Z31+U31+P31+K31+F31+AO31+AJ31+AY31 -> 5273 | BE31: =BD31/BB31 -> 0.06959035
A32: 5520961 | B32: VW | C32: Siddharth | D32: 34935 | E32: 1759 | F32: 1101 | G32: =F32/D32 -> 0.031515672 | H32: =F32-E32 -> -658 | I32: 20119 | J32: 371 | K32: 279 | L32: =K32/I32 -> 0.013867488 | M32: =K32-J32 -> -92 | N32: 8509 | O32: 376 | P32: 417 | Q32: =P32/N32 -> 0.049006934 | R32: =P32-O32 -> 41 | S32: 9964 | T32: 2172 | U32: 2059 | V32: =U32/S32 -> 0.20664392 | W32: =U32-T32 -> -113 | X32: 23740 | Y32: 868 | Z32: 851 | AA32: =Z32/X32 -> 0.035846672 | AB32: =Z32-Y32 -> -17 | AC32: 9932 | AD32: 1350 | AE32: 1206 | AF32: =AE32/AC32 -> 0.12142569 | AG32: =AE32-AD32 -> -144 | AH32: 18358 | AI32: 560 | AJ32: 746 | AK32: =AJ32/AH32 -> 0.040636235 | AM32: 17081 | AN32: 560 | AO32: 90 | AP32: =AO32/AM32 -> 0.0052690124 | AR32: 738 | AS32: 212 | AT32: 111 | AU32: =AT32/AR32 -> 0.1504065 | AV32: =AT32-AS32 -> -101 | AW32: 326 | AX32: 167 | AY32: 114 | AZ32: =AY32/AW32 -> 0.34969325 | BB32: =AR32+AC32+X32+S32+N32+I32+D32+AM32+AH32+AW32 -> 143702 | BC32: =AS32+AD32+Y32+T32+O32+J32+E32+AN32+AI32+AX32 -> 8395 | BD32: =AT32+AE32+Z32+U32+P32+K32+F32+AO32+AJ32+AY32 -> 6974 | BE32: =BD32/BB32 -> 0.048530988
A33: 407373 | B33: Office | C33: Siddharth | D33: 2484 | E33: 460 | F33: 77 | G33: =F33/D33 -> 0.03099839 | H33: =F33-E33 -> -383 | I33: 1313 | J33: 1313 | K33: 140 | L33: =K33/I33 -> 0.10662605 | M33: =K33-J33 -> -1173 | N33: 10575 | O33: 1536 | P33: 180 | Q33: =P33/N33 -> 0.017021277 | R33: =P33-O33 -> -1356 | S33: 10881 | T33: 1307 | U33: 75 | V33: =U33/S33 -> 0.0068927488 | W33: =U33-T33 -> -1232 | X33: 727 | Y33: 727 | Z33: 722 | AA33: =Z33/X33 -> 0.99312242 | AB33: =Z33-Y33 -> -5 | AC33: 47 | AD33: 46 | AE33: 47 | AF33: =AE33/AC33 -> 1 | AG33: =AE33-AD33 -> 1 | AH33: 1059 | AI33: 109 | AJ33: 64 | AK33: =AJ33/AH33 -> 0.060434372 | AM33: 4259 | AN33: 84 | AO33: 22 | AP33: =AO33/AM33 -> 0.0051655318 | AR33: 15319 | AS33: 536 | AT33: 306 | AU33: =AT33/AR33 -> 0.019975194 | AV33: =AT33-AS33 -> -230 | AW33: 16593 | AX33: 307 | AY33: 65 | AZ33: =AY33/AW33 -> 0.0039173145 | BB33: =AR33+AC33+X33+S33+N33+I33+D33+AM33+AH33+AW33 -> 63257 | BC33: =AS33+AD33+Y33+T33+O33+J33+E33+AN33+AI33+AX33 -> 6425 | BD33: =AT33+AE33+Z33+U33+P33+K33+F33+AO33+AJ33+AY33 -> 1698 | BE33: =BD33/BB33 -> 0.026842879
A34: 42439 | B34: MICROSOFT | C34: Siddharth | D34: 0 | E34: 0 | F34: 0 | G34: 0 | H34: =F34-E34 -> 0 | I34: 6 | J34: 6 | K34: 6 | L34: =K34/I34 -> 1 | M34: =K34-J34 -> 0 | N34: 7 | O34: 7 | P34: 7 | Q34: =P34/N34 -> 1 | R34: =P34-O34 -> 0 | S34: 1 | T34: 1 | U34: 2 | V34: =U34/S34 -> 2 | W34: =U34-T34 -> 1 | X34: 2 | Y34: 2 | Z34: 2 | AA34: =Z34/X34 -> 1 | AB34: =Z34-Y34 -> 0 | AF34: =AE34/AC34 -> #DIV/0! | AG34: =AE34-AD34 -> 0 | AH34: 15 | AI34: 4 | AK34: =AJ34/AH34 -> 0 | AP34: =AO34/AM34 -> #DIV/0! | AR34: 9427 | AS34: 6 | AT34: 3 | AU34: =AT34/AR34 -> 0.00031823486 | AV34: =AT34-AS34 -> -3 | AW34: 3143 | AX34: 37 | AY34: 1 | AZ34: =AY34/AW34 -> 0.00031816736 | BB34: =AR34+AC34+X34+S34+N34+I34+D34+AM34+AH34+AW34 -> 12601 | BC34: =AS34+AD34+Y34+T34+O34+J34+E34+AN34+AI34+AX34 -> 63 | BD34: =AT34+AE34+Z34+U34+P34+K34+F34+AO34+AJ34+AY34 -> 21 | BE34: =BD34/BB34 -> 0.0016665344
A35: 69913 | B35: AIR | C35: Siddharth | AH35: 94827 | AI35: 52301 | AJ35: 36106 | AK35: =AJ35/AH35 -> 0.38075654 | AM35: 172199 | AN35: 22301 | AO35: 17216 | AP35: =AO35/AM35 -> 0.099977352 | AR35: 27402 | AS35: 2896 | AT35: 3124 | AU35: =AT35/AR35 -> 0.11400628 | AW35: 18568 | AX35: 4246 | AY35: 4280 | AZ35: =AY35/AW35 -> 0.23050409 | BB35: =AR35+AC35+X35+S35+N35+I35+D35+AM35+AH35+AW35 -> 312996 | BC35: =AS35+AD35+Y35+T35+O35+J35+E35+AN35+AI35+AX35 -> 81744 | BD35: =AT35+AE35+Z35+U35+P35+K35+F35+AO35+AJ35+AY35 -> 60726 | BE35: =BD35/BB35 -> 0.19401526
A36: 553970 | B36: AIR FLIGHT | C36: Siddharth | AH36: 19269 | AI36: 12 | AJ36: 6 | AK36: =AJ36/AH36 -> 0.00031138097 | AM36: 9057 | AN36: 0 | AP36: =AO36/AM36 -> 0 | AR36: 7763 | AS36: 0 | AU36: =AT36/AR36 -> 0 | AW36: 4579 | AX36: 0 | AZ36: =AY36/AW36 -> 0 | BB36: =AR36+AC36+X36+S36+N36+I36+D36+AM36+AH36+AW36 -> 40668 | BC36: =AS36+AD36+Y36+T36+O36+J36+E36+AN36+AI36+AX36 -> 12 | BD36: =AT36+AE36+Z36+U36+P36+K36+F36+AO36+AJ36+AY36 -> 6 | BE36: =BD36/BB36 -> 0.00014753615
A37: 553949 | B37: AIR FORCE 1 | C37: Siddharth | AH37: 9904 | AI37: 120 | AJ37: 72 | AK37: =AJ37/AH37 -> 0.00726979 | AM37: 11863 | AN37: 52 | AO37: 206 | AP37: =AO37/AM37 -> 0.017364916 | AR37: 5003 | AS37: 0 | AU37: =AT37/AR37 -> 0 | AW37: 2877 | AX37: 0 | AZ37: =AY37/AW37 -> 0 | BB37: =AR37+AC37+X37+S37+N37+I37+D37+AM37+AH37+AW37 -> 29647 | BC37: =AS37+AD37+Y37+T37+O37+J37+E37+AN37+AI37+AX37 -> 172 | BD37: =AT37+AE37+Z37+U37+P37+K37+F37+AO37+AJ37+AY37 -> 278 | BE37: =BD37/BB37 -> 0.0093770027
A38: 553946 | B38: AIR FORCE I | C38: Siddharth | AH38: 21715 | AI38: 0 | AK38: =AJ38/AH38 -> 0 | AM38: 45163 | AN38: 0 | AP38: =AO38/AM38 -> 0 | AR38: 20 | AS38: 0 | AU38: =AT38/AR38 -> 0 | AW38: 5142 | AX38: 0 | AZ38: =AY38/AW38 -> 0 | BB38: =AR38+AC38+X38+S38+N38+I38+D38+AM38+AH38+AW38 -> 72040 | BC38: =AS38+AD38+Y38+T38+O38+J38+E38+AN38+AI38+AX38 -> 0 | BD38: =AT38+AE38+Z38+U38+P38+K38+F38+AO38+AJ38+AY38 -> 0 | BE38: =BD38/BB38 -> 0
A39: 553883 | B39: AIR MAX | C39: Siddharth | AH39: 37542 | AI39: 1476 | AJ39: 959 | AK39: =AJ39/AH39 -> 0.025544723 | AM39: 40249 | AN39: 406 | AO39: 149 | AP39: =AO39/AM39 -> 0.0037019553 | AR39: 20580 | AS39: 422 | AT39: 442 | AU39: =AT39/AR39 -> 0.021477162 | AW39: 21800 | AX39: 1836 | AY39: 2693 | AZ39: =AY39/AW39 -> 0.12353211 | BB39: =AR39+AC39+X39+S39+N39+I39+D39+AM39+AH39+AW39 -> 120171 | BC39: =AS39+AD39+Y39+T39+O39+J39+E39+AN39+AI39+AX39 -> 4140 | BD39: =AT39+AE39+Z39+U39+P39+K39+F39+AO39+AJ39+AY39 -> 4243 | BE39: =BD39/BB39 -> 0.035308019
A40: 98972 | B40: DUNK | C40: Siddharth | AH40: 52247 | AI40: 4945 | AJ40: 3766 | AK40: =AJ40/AH40 -> 0.072080694 | AM40: 75690 | AN40: 2145 | AO40: 384 | AP40: =AO40/AM40 -> 0.0050733254 | AR40: 608 | AS40: 0 | AU40: =AT40/AR40 -> 0 | AW40: 1527 | AX40: 0 | AZ40: =AY40/AW40 -> 0 | BB40: =AR40+AC40+X40+S40+N40+I40+D40+AM40+AH40+AW40 -> 130072 | BC40: =AS40+AD40+Y40+T40+O40+J40+E40+AN40+AI40+AX40 -> 7090 | BD40: =AT40+AE40+Z40+U40+P40+K40+F40+AO40+AJ40+AY40 -> 4150 | BE40: =BD40/BB40 -> 0.031905406
A41: 553886 | B41: MERCURIAL | C41: Siddharth | AH41: 10736 | AI41: 358 | AJ41: 478 | AK41: =AJ41/AH41 -> 0.0445231 | AM41: 41436 | AN41: 978 | AO41: 725 | AP41: =AO41/AM41 -> 0.017496863 | AR41: 40430 | AS41: 25230 | AT41: 22130 | AU41: =AT41/AR41 -> 0.54736582 | AW41: 31485 | AX41: 21687 | AY41: 23361 | AZ41: =AY41/AW41 -> 0.74197237 | BB41: =AR41+AC41+X41+S41+N41+I41+D41+AM41+AH41+AW41 -> 124087 | BC41: =AS41+AD41+Y41+T41+O41+J41+E41+AN41+AI41+AX41 -> 48253 | BD41: =AT41+AE41+Z41+U41+P41+K41+F41+AO41+AJ41+AY41 -> 46694 | BE41: =BD41/BB41 -> 0.3763005
A42: 553874 | B42: NIKE AIR | C42: Siddharth | AH42: 3198 | AI42: 6 | AJ42: 4 | AK42: =AJ42/AH42 -> 0.0012507817 | AM42: 11664 | AN42: 1 | AP42: =AO42/AM42 -> 0 | AR42: 5559 | AS42: 0 | AT42: 1 | AU42: =AT42/AR42 -> 0.00017988847 | AW42: 3455 | AX42: 0 | AZ42: =AY42/AW42 -> 0 | BB42: =AR42+AC42+X42+S42+N42+I42+D42+AM42+AH42+AW42 -> 23876 | BC42: =AS42+AD42+Y42+T42+O42+J42+E42+AN42+AI42+AX42 -> 7 | BD42: =AT42+AE42+Z42+U42+P42+K42+F42+AO42+AJ42+AY42 -> 5 | BE42: =BD42/BB42 -> 0.00020941531
A43: 553889 | B43: NIKE AIR VAPORMAX | C43: Siddharth | AH43: 21630 | AI43: 136 | AJ43: 94 | AK43: =AJ43/AH43 -> 0.004345816 | AM43: 46456 | AN43: 33 | AP43: =AO43/AM43 -> 0 | AR43: 3423 | AS43: 121 | AT43: 48 | AU43: =AT43/AR43 -> 0.014022787 | AW43: 2903 | AX43: 14 | AY43: 14 | AZ43: =AY43/AW43 -> 0.0048225973 | BB43: =AR43+AC43+X43+S43+N43+I43+D43+AM43+AH43+AW43 -> 74412 | BC43: =AS43+AD43+Y43+T43+O43+J43+E43+AN43+AI43+AX43 -> 304 | BD43: =AT43+AE43+Z43+U43+P43+K43+F43+AO43+AJ43+AY43 -> 156 | BE43: =BD43/BB43 -> 0.0020964361
A44: 1333843 | B44: Skims | C44: Siddharth | AK44: =AJ44/AH44 -> #DIV/0! | AP44: =AO44/AM44 -> #DIV/0! | AR44: 20875 | AS44: 20875 | AT44: 18657 | AU44: =AT44/AR44 -> 0.8937485 | AW44: 63382 | AX44: 63382 | AY44: 53563 | AZ44: =AY44/AW44 -> 0.8450822 | BB44: =AR44+AC44+X44+S44+N44+I44+D44+AM44+AH44+AW44 -> 84257 | BC44: =AS44+AD44+Y44+T44+O44+J44+E44+AN44+AI44+AX44 -> 84257 | BD44: =AT44+AE44+Z44+U44+P44+K44+F44+AO44+AJ44+AY44 -> 72220 | BE44: =BD44/BB44 -> 0.85713947
A45: 752852 | B45: MARTIN | C45: Purnima | D45: 19833 | E45: 17247 | F45: 19833 | G45: =F45/D45 -> 1 | H45: =F45-E45 -> 2586 | I45: 16777 | J45: 15865 | K45: 14937 | L45: =K45/I45 -> 0.89032604 | M45: =K45-J45 -> -928 | N45: 15163 | O45: 12470 | P45: 12324 | Q45: =P45/N45 -> 0.81276792 | R45: =P45-O45 -> -146 | S45: 20834 | T45: 13696 | U45: 11771 | V45: =U45/S45 -> 0.56498992 | W45: =U45-T45 -> -1925 | X45: 21899 | Y45: 17941 | Z45: 16093 | AA45: =Z45/X45 -> 0.73487374 | AB45: =Z45-Y45 -> -1848 | AC45: 83385 | AD45: 82391 | AE45: 86035 | AF45: =AE45/AC45 -> 1.0317803 | AG45: =AE45-AD45 -> 3644 | AH45: 10998 | AI45: 3666 | AJ45: 3384 | AK45: =AJ45/AH45 -> 0.30769231 | AM45: 10969 | AN45: 10969 | AO45: 9582 | AP45: =AO45/AM45 -> 0.87355274 | AR45: 21386 | AS45: 11298 | AT45: 7472 | AU45: =AT45/AR45 -> 0.34938745 | AV45: =AT45-AS45 -> -3826 | AW45: 11591 | AX45: 5007 | AY45: 4646 | AZ45: =AY45/AW45 -> 0.40082823 | BB45: =AR45+AC45+X45+S45+N45+I45+D45+AM45+AH45+AW45 -> 232835 | BC45: =AS45+AD45+Y45+T45+O45+J45+E45+AN45+AI45+AX45 -> 190550 | BD45: =AT45+AE45+Z45+U45+P45+K45+F45+AO45+AJ45+AY45 -> 186077 | BE45: =BD45/BB45 -> 0.79917968
A46: 237326 | B46: DR.MARTENS | C46: Purnima | D46: 23160 | E46: 16839 | F46: 15124 | G46: =F46/D46 -> 0.65302245 | H46: =F46-E46 -> -1715 | I46: 26347 | J46: 14045 | K46: 13951 | L46: =K46/I46 -> 0.52951 | M46: =K46-J46 -> -94 | N46: 15972 | O46: 1448 | P46: 1431 | Q46: =P46/N46 -> 0.08959429 | R46: =P46-O46 -> -17 | S46: 15946 | T46: 792 | U46: 560 | V46: =U46/S46 -> 0.035118525 | W46: =U46-T46 -> -232 | X46: 19864 | Y46: 4304 | Z46: 3766 | AA46: =Z46/X46 -> 0.18958921 | AB46: =Z46-Y46 -> -538 | AC46: 7012 | AD46: 960 | AE46: 398 | AF46: =AE46/AC46 -> 0.05675984 | AG46: =AE46-AD46 -> -562 | AH46: 17065 | AI46: 1861 | AJ46: 554 | AK46: =AJ46/AH46 -> 0.032464108 | AM46: 31794 | AN46: 2861 | AO46: 215 | AP46: =AO46/AM46 -> 0.0067622822 | AR46: 2009 | AS46: 22 | AT46: 4 | AU46: =AT46/AR46 -> 0.0019910403 | AV46: =AT46-AS46 -> -18 | AW46: 9875 | AX46: 1055 | AY46: 40 | AZ46: =AY46/AW46 -> 0.0040506329 | BB46: =AR46+AC46+X46+S46+N46+I46+D46+AM46+AH46+AW46 -> 169044 | BC46: =AS46+AD46+Y46+T46+O46+J46+E46+AN46+AI46+AX46 -> 44187 | BD46: =AT46+AE46+Z46+U46+P46+K46+F46+AO46+AJ46+AY46 -> 36043 | BE46: =BD46/BB46 -> 0.21321668
A47: 543860 | B47: CHANEL | C47: Purnima | D47: 11365 | E47: 3547 | F47: 4023 | G47: =F47/D47 -> 0.35398152 | H47: =F47-E47 -> 476 | I47: 5591 | J47: 535 | K47: 496 | L47: =K47/I47 -> 0.088714005 | M47: =K47-J47 -> -39 | N47: 5112 | O47: 727 | P47: 726 | Q47: =P47/N47 -> 0.14201878 | R47: =P47-O47 -> -1 | S47: 5062 | T47: 1012 | U47: 987 | V47: =U47/S47 -> 0.19498222 | W47: =U47-T47 -> -25 | X47: 6939 | Y47: 454 | Z47: 457 | AA47: =Z47/X47 -> 0.065859634 | AB47: =Z47-Y47 -> 3 | AC47: 12986 | AD47: 2098 | AE47: 2019 | AF47: =AE47/AC47 -> 0.15547513 | AG47: =AE47-AD47 -> -79 | AH47: 7426 | AI47: 98 | AJ47: 93 | AK47: =AJ47/AH47 -> 0.012523566 | AM47: 11447 | AN47: 224 | AO47: 93 | AP47: =AO47/AM47 -> 0.0081243994 | AR47: 65355 | AS47: 3824 | AT47: 2478 | AU47: =AT47/AR47 -> 0.037915997 | AV47: =AT47-AS47 -> -1346 | AW47: 41868 | AX47: 2627 | AY47: 1500 | AZ47: =AY47/AW47 -> 0.035826884 | BB47: =AR47+AC47+X47+S47+N47+I47+D47+AM47+AH47+AW47 -> 173151 | BC47: =AS47+AD47+Y47+T47+O47+J47+E47+AN47+AI47+AX47 -> 15146 | BD47: =AT47+AE47+Z47+U47+P47+K47+F47+AO47+AJ47+AY47 -> 12872 | BE47: =BD47/BB47 -> 0.074339738
A48: 443926 | B48: Birkin | C48: Purnima | D48: 4717 | E48: 1934 | F48: 1445 | G48: =F48/D48 -> 0.30633877 | H48: =F48-E48 -> -489 | I48: 10851 | J48: 3014 | K48: 2883 | L48: =K48/I48 -> 0.2656898 | M48: =K48-J48 -> -131 | N48: 23293 | O48: 2875 | P48: 3243 | Q48: =P48/N48 -> 0.13922638 | R48: =P48-O48 -> 368 | S48: 19908 | T48: 2077 | U48: 1960 | V48: =U48/S48 -> 0.098452883 | W48: =U48-T48 -> -117 | X48: 25416 | Y48: 702 | Z48: 853 | AA48: =Z48/X48 -> 0.033561536 | AB48: =Z48-Y48 -> 151 | AC48: 24424 | AD48: 1482 | AE48: 1467 | AF48: =AE48/AC48 -> 0.060063872 | AG48: =AE48-AD48 -> -15 | AH48: 24849 | AI48: 1499 | AJ48: 1217 | AK48: =AJ48/AH48 -> 0.048975814 | AM48: 23405 | AN48: 777 | AO48: 370 | AP48: =AO48/AM48 -> 0.015808588 | AR48: 16128 | AS48: 1042 | AT48: 910 | AU48: =AT48/AR48 -> 0.056423611 | AV48: =AT48-AS48 -> -132 | AW48: 17928 | AX48: 1473 | AY48: 1100 | AZ48: =AY48/AW48 -> 0.061356537 | BB48: =AR48+AC48+X48+S48+N48+I48+D48+AM48+AH48+AW48 -> 190919 | BC48: =AS48+AD48+Y48+T48+O48+J48+E48+AN48+AI48+AX48 -> 16875 | BD48: =AT48+AE48+Z48+U48+P48+K48+F48+AO48+AJ48+AY48 -> 15448 | BE48: =BD48/BB48 -> 0.080913895
A49: 358345 | B49: Playstation | C49: Purnima | D49: 73544 | E49: 22061 | F49: 20554 | G49: =F49/D49 -> 0.27947895 | H49: =F49-E49 -> -1507 | I49: 64485 | J49: 28887 | K49: 27925 | L49: =K49/I49 -> 0.43304644 | M49: =K49-J49 -> -962 | N49: 65357 | O49: 27175 | P49: 26728 | Q49: =P49/N49 -> 0.4089539 | R49: =P49-O49 -> -447 | S49: 71172 | T49: 23897 | U49: 20623 | V49: =U49/S49 -> 0.28976283 | W49: =U49-T49 -> -3274 | X49: 70587 | Y49: 41765 | Z49: 43290 | AA49: =Z49/X49 -> 0.61328573 | AB49: =Z49-Y49 -> 1525 | AC49: 57293 | AD49: 25048 | AE49: 23790 | AF49: =AE49/AC49 -> 0.41523397 | AG49: =AE49-AD49 -> -1258 | AH49: 80694 | AI49: 15133 | AJ49: 13223 | AK49: =AJ49/AH49 -> 0.16386596 | AM49: 85388 | AN49: 17565 | AO49: 14486 | AP49: =AO49/AM49 -> 0.16964913 | AR49: 79277 | AS49: 12376 | AT49: 9398 | AU49: =AT49/AR49 -> 0.11854636 | AV49: =AT49-AS49 -> -2978 | AW49: 59684 | AX49: 12218 | AY49: 8981 | AZ49: =AY49/AW49 -> 0.15047584 | BB49: =AR49+AC49+X49+S49+N49+I49+D49+AM49+AH49+AW49 -> 707481 | BC49: =AS49+AD49+Y49+T49+O49+J49+E49+AN49+AI49+AX49 -> 226125 | BD49: =AT49+AE49+Z49+U49+P49+K49+F49+AO49+AJ49+AY49 -> 208998 | BE49: =BD49/BB49 -> 0.29541147
A50: 359001 | B50: Gucci | C50: Purnima | D50: 17919 | E50: 5595 | F50: 4729 | G50: =F50/D50 -> 0.26390982 | H50: =F50-E50 -> -866 | I50: 21049 | J50: 5132 | K50: 3786 | L50: =K50/I50 -> 0.17986603 | M50: =K50-J50 -> -1346 | N50: 15805 | O50: 4028 | P50: 3120 | Q50: =P50/N50 -> 0.19740588 | R50: =P50-O50 -> -908 | S50: 22123 | T50: 4719 | U50: 4504 | V50: =U50/S50 -> 0.20358902 | W50: =U50-T50 -> -215 | X50: 19428 | Y50: 5507 | Z50: 4353 | AA50: =Z50/X50 -> 0.22405806 | AB50: =Z50-Y50 -> -1154 | AC50: 30470 | AD50: 5158 | AE50: 5244 | AF50: =AE50/AC50 -> 0.17210371 | AG50: =AE50-AD50 -> 86 | AH50: 5938 | AI50: 817 | AJ50: 752 | AK50: =AJ50/AH50 -> 0.12664197 | AM50: 11402 | AN50: 429 | AO50: 218 | AP50: =AO50/AM50 -> 0.019119453 | AR50: 7762 | AS50: 545 | AT50: 215 | AU50: =AT50/AR50 -> 0.027699047 | AV50: =AT50-AS50 -> -330 | AW50: 51730 | AX50: 16379 | AY50: 16784 | AZ50: =AY50/AW50 -> 0.3244539 | BB50: =AR50+AC50+X50+S50+N50+I50+D50+AM50+AH50+AW50 -> 203626 | BC50: =AS50+AD50+Y50+T50+O50+J50+E50+AN50+AI50+AX50 -> 48309 | BD50: =AT50+AE50+Z50+U50+P50+K50+F50+AO50+AJ50+AY50 -> 43705 | BE50: =BD50/BB50 -> 0.21463369
A51: 443927 | B51: Kelly | C51: Purnima | D51: 13718 | E51: 3648 | F51: 3538 | G51: =F51/D51 -> 0.25790932 | H51: =F51-E51 -> -110 | I51: 13751 | J51: 1501 | K51: 1412 | L51: =K51/I51 -> 0.10268344 | M51: =K51-J51 -> -89 | N51: 24823 | O51: 4364 | P51: 3514 | Q51: =P51/N51 -> 0.14156226 | R51: =P51-O51 -> -850 | S51: 29579 | T51: 3115 | U51: 3159 | V51: =U51/S51 -> 0.10679874 | W51: =U51-T51 -> 44 | X51: 15216 | Y51: 824 | Z51: 814 | AA51: =Z51/X51 -> 0.05349632 | AB51: =Z51-Y51 -> -10 | AC51: 12379 | AD51: 1596 | AE51: 1552 | AF51: =AE51/AC51 -> 0.12537362 | AG51: =AE51-AD51 -> -44 | AH51: 1670 | AI51: 1130 | AJ51: 722 | AK51: =AJ51/AH51 -> 0.43233533 | AM51: 18935 | AN51: 1336 | AO51: 777 | AP51: =AO51/AM51 -> 0.04103512 | AR51: 10952 | AS51: 3000 | AT51: 2252 | AU51: =AT51/AR51 -> 0.20562454 | AV51: =AT51-AS51 -> -748 | AW51: 13956 | AX51: 2585 | AY51: 2341 | AZ51: =AY51/AW51 -> 0.16774147 | BB51: =AR51+AC51+X51+S51+N51+I51+D51+AM51+AH51+AW51 -> 154979 | BC51: =AS51+AD51+Y51+T51+O51+J51+E51+AN51+AI51+AX51 -> 23099 | BD51: =AT51+AE51+Z51+U51+P51+K51+F51+AO51+AJ51+AY51 -> 20081 | BE51: =BD51/BB51 -> 0.12957239
A52: 469031 | B52: TOYOTA | C52: Purnima | D52: 33259 | E52: 7313 | F52: 6970 | G52: =F52/D52 -> 0.20956734 | H52: =F52-E52 -> -343 | I52: 24389 | J52: 4486 | K52: 4551 | L52: =K52/I52 -> 0.18660052 | M52: =K52-J52 -> 65 | N52: 13701 | O52: 1617 | P52: 1457 | Q52: =P52/N52 -> 0.1063426 | R52: =P52-O52 -> -160 | S52: 22639 | T52: 6054 | U52: 4108 | V52: =U52/S52 -> 0.18145678 | W52: =U52-T52 -> -1946 | X52: 17542 | Y52: 7288 | Z52: 6848 | AA52: =Z52/X52 -> 0.39037738 | AB52: =Z52-Y52 -> -440 | AC52: 9876 | AD52: 2876 | AE52: 2376 | AF52: =AE52/AC52 -> 0.24058323 | AG52: =AE52-AD52 -> -500 | AH52: 9314 | AI52: 4980 | AJ52: 2971 | AK52: =AJ52/AH52 -> 0.31898218 | AM52: 7373 | AN52: 5114 | AO52: 2334 | AP52: =AO52/AM52 -> 0.31656042 | AR52: 19543 | AS52: 10887 | AT52: 4254 | AU52: =AT52/AR52 -> 0.21767385 | AV52: =AT52-AS52 -> -6633 | AW52: 8543 | AX52: 1433 | AY52: 1 | AZ52: =AY52/AW52 -> 0.0001170549 | BB52: =AR52+AC52+X52+S52+N52+I52+D52+AM52+AH52+AW52 -> 166179 | BC52: =AS52+AD52+Y52+T52+O52+J52+E52+AN52+AI52+AX52 -> 52048 | BD52: =AT52+AE52+Z52+U52+P52+K52+F52+AO52+AJ52+AY52 -> 35870 | BE52: =BD52/BB52 -> 0.21585158
A53: 198664 | B53: ADIDAS | C53: Purnima | D53: 79967 | E53: 17357 | F53: 15526 | G53: =F53/D53 -> 0.19415509 | H53: =F53-E53 -> -1831 | I53: 65802 | J53: 19503 | K53: 17847 | L53: =K53/I53 -> 0.27122276 | M53: =K53-J53 -> -1656 | N53: 40051 | O53: 13076 | P53: 12833 | Q53: =P53/N53 -> 0.32041647 | R53: =P53-O53 -> -243 | S53: 42709 | T53: 11452 | U53: 10360 | V53: =U53/S53 -> 0.24257182 | W53: =U53-T53 -> -1092 | X53: 36599 | Y53: 12569 | Z53: 10550 | AA53: =Z53/X53 -> 0.28825924 | AB53: =Z53-Y53 -> -2019 | AC53: 36096 | AD53: 9804 | AE53: 10727 | AF53: =AE53/AC53 -> 0.29717974 | AG53: =AE53-AD53 -> 923 | AH53: 16271 | AI53: 2860 | AJ53: 2547 | AK53: =AJ53/AH53 -> 0.15653617 | AM53: 9600 | AN53: 1010 | AO53: 833 | AP53: =AO53/AM53 -> 0.086770833 | AR53: 40800 | AS53: 8913 | AT53: 7265 | AU53: =AT53/AR53 -> 0.17806373 | AV53: =AT53-AS53 -> -1648 | AW53: 42880 | AX53: 5529 | AY53: 4194 | AZ53: =AY53/AW53 -> 0.097807836 | BB53: =AR53+AC53+X53+S53+N53+I53+D53+AM53+AH53+AW53 -> 410775 | BC53: =AS53+AD53+Y53+T53+O53+J53+E53+AN53+AI53+AX53 -> 102073 | BD53: =AT53+AE53+Z53+U53+P53+K53+F53+AO53+AJ53+AY53 -> 92682 | BE53: =BD53/BB53 -> 0.22562717
A54: 218247 | B54: Nintendo | C54: Purnima | D54: 45691 | E54: 9852 | F54: 8070 | G54: =F54/D54 -> 0.17662122 | H54: =F54-E54 -> -1782 | I54: 37927 | J54: 7457 | K54: 5514 | L54: =K54/I54 -> 0.14538455 | M54: =K54-J54 -> -1943 | N54: 26636 | O54: 5549 | P54: 5301 | Q54: =P54/N54 -> 0.19901637 | R54: =P54-O54 -> -248 | S54: 40538 | T54: 8522 | U54: 6279 | V54: =U54/S54 -> 0.15489171 | W54: =U54-T54 -> -2243 | X54: 39073 | Y54: 8310 | Z54: 8432 | AA54: =Z54/X54 -> 0.21580119 | AB54: =Z54-Y54 -> 122 | AC54: 29375 | AD54: 6021 | AE54: 3799 | AF54: =AE54/AC54 -> 0.12932766 | AG54: =AE54-AD54 -> -2222 | AH54: 14403 | AI54: 2874 | AJ54: 2492 | AK54: =AJ54/AH54 -> 0.17301951 | AM54: 9585 | AN54: 4869 | AO54: 3238 | AP54: =AO54/AM54 -> 0.33781951 | AR54: 2904 | AS54: 2539 | AT54: 2535 | AU54: =AT54/AR54 -> 0.87293388 | AV54: =AT54-AS54 -> -4 | AW54: 22677 | AX54: 4187 | AY54: 3159 | AZ54: =AY54/AW54 -> 0.13930414 | BB54: =AR54+AC54+X54+S54+N54+I54+D54+AM54+AH54+AW54 -> 268809 | BC54: =AS54+AD54+Y54+T54+O54+J54+E54+AN54+AI54+AX54 -> 60180 | BD54: =AT54+AE54+Z54+U54+P54+K54+F54+AO54+AJ54+AY54 -> 48819 | BE54: =BD54/BB54 -> 0.18161222
A55: 386197 | B55: MONCLER | C55: Purnima | D55: 11949 | E55: 1894 | F55: 1836 | G55: =F55/D55 -> 0.15365303 | H55: =F55-E55 -> -58 | I55: 12009 | J55: 1347 | K55: 1340 | L55: =K55/I55 -> 0.11158298 | M55: =K55-J55 -> -7 | N55: 4551 | O55: 848 | P55: 848 | Q55: =P55/N55 -> 0.18633267 | R55: =P55-O55 -> 0 | S55: 7843 | T55: 819 | U55: 836 | V55: =U55/S55 -> 0.10659187 | W55: =U55-T55 -> 17 | X55: 6984 | Y55: 100 | Z55: 103 | AA55: =Z55/X55 -> 0.014747995 | AB55: =Z55-Y55 -> 3 | AC55: 5141 | AD55: 257 | AE55: 259 | AF55: =AE55/AC55 -> 0.050379304 | AG55: =AE55-AD55 -> 2 | AK55: =AJ55/AH55 -> #DIV/0! | AM55: 10058 | AN55: 425 | AO55: 81 | AP55: =AO55/AM55 -> 0.0080532909 | AR55: 72695 | AS55: 1507 | AT55: 1628 | AU55: =AT55/AR55 -> 0.022394938 | AV55: =AT55-AS55 -> 121 | AW55: 30449 | AX55: 974 | AY55: 850 | AZ55: =AY55/AW55 -> 0.027915531 | BB55: =AR55+AC55+X55+S55+N55+I55+D55+AM55+AH55+AW55 -> 161679 | BC55: =AS55+AD55+Y55+T55+O55+J55+E55+AN55+AI55+AX55 -> 8171 | BD55: =AT55+AE55+Z55+U55+P55+K55+F55+AO55+AJ55+AY55 -> 7781 | BE55: =BD55/BB55 -> 0.048126225
A56: 423616 | B56: Louis Vuitton | C56: Purnima | D56: 74288 | E56: 7460 | F56: 7609 | G56: =F56/D56 -> 0.10242569 | H56: =F56-E56 -> 149 | I56: 78139 | J56: 9138 | K56: 9000 | L56: =K56/I56 -> 0.11517936 | M56: =K56-J56 -> -138 | N56: 68195 | O56: 6318 | P56: 5989 | Q56: =P56/N56 -> 0.087821688 | R56: =P56-O56 -> -329 | S56: 81254 | T56: 6606 | U56: 6918 | V56: =U56/S56 -> 0.085140424 | W56: =U56-T56 -> 312 | X56: 69971 | Y56: 7212 | Z56: 6307 | AA56: =Z56/X56 -> 0.090137343 | AB56: =Z56-Y56 -> -905 | AC56: 69147 | AD56: 8296 | AE56: 7471 | AF56: =AE56/AC56 -> 0.10804518 | AG56: =AE56-AD56 -> -825 | AH56: 90505 | AI56: 10450 | AJ56: 8946 | AK56: =AJ56/AH56 -> 0.098845368 | AM56: 96539 | AN56: 11656 | AO56: 5773 | AP56: =AO56/AM56 -> 0.059799666 | AR56: 81839 | AS56: 6987 | AT56: 3251 | AU56: =AT56/AR56 -> 0.039724337 | AV56: =AT56-AS56 -> -3736 | AW56: 81315 | AX56: 8689 | AY56: 6832 | AZ56: =AY56/AW56 -> 0.084018939 | BB56: =AR56+AC56+X56+S56+N56+I56+D56+AM56+AH56+AW56 -> 791192 | BC56: =AS56+AD56+Y56+T56+O56+J56+E56+AN56+AI56+AX56 -> 82812 | BD56: =AT56+AE56+Z56+U56+P56+K56+F56+AO56+AJ56+AY56 -> 68096 | BE56: =BD56/BB56 -> 0.086067604
A57: 330012 | B57: Bottega Veneta | C57: Purnima | D57: 12126 | E57: 1506 | F57: 1236 | G57: =F57/D57 -> 0.10192974 | H57: =F57-E57 -> -270 | I57: 16020 | J57: 2077 | K57: 1719 | L57: =K57/I57 -> 0.10730337 | M57: =K57-J57 -> -358 | N57: 7979 | O57: 346 | P57: 305 | Q57: =P57/N57 -> 0.038225342 | R57: =P57-O57 -> -41 | S57: 9393 | T57: 619 | U57: 448 | V57: =U57/S57 -> 0.047695092 | W57: =U57-T57 -> -171 | X57: 8715 | Y57: 769 | Z57: 703 | AA57: =Z57/X57 -> 0.080665519 | AB57: =Z57-Y57 -> -66 | AC57: 11713 | AD57: 1150 | AE57: 1046 | AF57: =AE57/AC57 -> 0.089302484 | AG57: =AE57-AD57 -> -104 | AH57: 2009 | AI57: 204 | AJ57: 198 | AK57: =AJ57/AH57 -> 0.098556496 | AM57: 12868 | AN57: 1068 | AO57: 659 | AP57: =AO57/AM57 -> 0.05121231 | AR57: 5013 | AS57: 330 | AT57: 354 | AU57: =AT57/AR57 -> 0.070616397 | AV57: =AT57-AS57 -> 24 | AW57: 5079 | AX57: 348 | AY57: 126 | AZ57: =AY57/AW57 -> 0.024808033 | BB57: =AR57+AC57+X57+S57+N57+I57+D57+AM57+AH57+AW57 -> 90915 | BC57: =AS57+AD57+Y57+T57+O57+J57+E57+AN57+AI57+AX57 -> 8417 | BD57: =AT57+AE57+Z57+U57+P57+K57+F57+AO57+AJ57+AY57 -> 6794 | BE57: =BD57/BB57 -> 0.074729143
A58: 381917 | B58: Yeezy | C58: Purnima | D58: 38346 | E58: 4097 | F58: 3630 | G58: =F58/D58 -> 0.094664372 | H58: =F58-E58 -> -467 | I58: 26640 | J58: 4212 | K58: 4507 | L58: =K58/I58 -> 0.16918168 | M58: =K58-J58 -> 295 | N58: 21625 | O58: 1776 | P58: 1801 | Q58: =P58/N58 -> 0.083283237 | R58: =P58-O58 -> 25 | S58: 26436 | T58: 2497 | U58: 2505 | V58: =U58/S58 -> 0.094757149 | W58: =U58-T58 -> 8 | X58: 26655 | Y58: 3654 | Z58: 3354 | AA58: =Z58/X58 -> 0.12583005 | AB58: =Z58-Y58 -> -300 | AC58: 11976 | AD58: 1753 | AE58: 1419 | AF58: =AE58/AC58 -> 0.11848697 | AG58: =AE58-AD58 -> -334 | AH58: 14849 | AI58: 1150 | AJ58: 1010 | AK58: =AJ58/AH58 -> 0.068018048 | AM58: 3793 | AN58: 1341 | AO58: 38 | AP58: =AO58/AM58 -> 0.010018455 | AR58: 13550 | AS58: 2145 | AT58: 2752 | AU58: =AT58/AR58 -> 0.20309963 | AV58: =AT58-AS58 -> 607 | AW58: 14978 | AX58: 46 | AY58: 14 | AZ58: =AY58/AW58 -> 0.00093470423 | BB58: =AR58+AC58+X58+S58+N58+I58+D58+AM58+AH58+AW58 -> 198848 | BC58: =AS58+AD58+Y58+T58+O58+J58+E58+AN58+AI58+AX58 -> 22671 | BD58: =AT58+AE58+Z58+U58+P58+K58+F58+AO58+AJ58+AY58 -> 21030 | BE58: =BD58/BB58 -> 0.10575917
A59: 552264 | B59: CC | C59: Purnima | D59: 10867 | E59: 838 | F59: 752 | G59: =F59/D59 -> 0.069200331 | H59: =F59-E59 -> -86 | I59: 10032 | J59: 202 | K59: 143 | L59: =K59/I59 -> 0.014254386 | M59: =K59-J59 -> -59 | N59: 10525 | O59: 6201 | P59: 221 | Q59: =P59/N59 -> 0.020997625 | R59: =P59-O59 -> -5980 | S59: 10905 | T59: 5109 | U59: 10826 | V59: =U59/S59 -> 0.99275562 | W59: =U59-T59 -> 5717 | X59: 8927 | Y59: 1049 | Z59: 1049 | AA59: =Z59/X59 -> 0.11750868 | AB59: =Z59-Y59 -> 0 | AC59: 8306 | AD59: 754 | AE59: 707 | AF59: =AE59/AC59 -> 0.085119191 | AG59: =AE59-AD59 -> -47 | AH59: 2200 | AI59: 455 | AJ59: 441 | AK59: =AJ59/AH59 -> 0.20045455 | AM59: 1 | AN59: 1 | AO59: 1 | AP59: =AO59/AM59 -> 1 | AR59: 9162 | AS59: 533 | AT59: 409 | AU59: =AT59/AR59 -> 0.044640908 | AV59: =AT59-AS59 -> -124 | AW59: 14255 | AX59: 683 | AY59: 445 | AZ59: =AY59/AW59 -> 0.031217117 | BB59: =AR59+AC59+X59+S59+N59+I59+D59+AM59+AH59+AW59 -> 85180 | BC59: =AS59+AD59+Y59+T59+O59+J59+E59+AN59+AI59+AX59 -> 15825 | BD59: =AT59+AE59+Z59+U59+P59+K59+F59+AO59+AJ59+AY59 -> 14994 | BE59: =BD59/BB59 -> 0.17602724
A60: 443928 | B60: TWILLY | C60: Purnima | D60: 1123 | E60: 47 | F60: 44 | G60: =F60/D60 -> 0.039180766 | H60: =F60-E60 -> -3 | I60: 1395 | J60: 114 | K60: 110 | L60: =K60/I60 -> 0.078853047 | M60: =K60-J60 -> -4 | N60: 3217 | O60: 9 | P60: 9 | Q60: =P60/N60 -> 0.0027976376 | R60: =P60-O60 -> 0 | S60: 7993 | T60: 279 | U60: 279 | V60: =U60/S60 -> 0.034905542 | W60: =U60-T60 -> 0 | X60: 3161 | Y60: 572 | Z60: 572 | AA60: =Z60/X60 -> 0.18095539 | AB60: =Z60-Y60 -> 0 | AC60: 2785 | AD60: 185 | AE60: 170 | AF60: =AE60/AC60 -> 0.061041293 | AG60: =AE60-AD60 -> -15 | AH60: 1144 | AI60: 18 | AJ60: 8 | AK60: =AJ60/AH60 -> 0.006993007 | AM60: 9166 | AN60: 3 | AO60: 4 | AP60: =AO60/AM60 -> 0.00043639537 | AR60: 1018 | AS60: 8 | AU60: =AT60/AR60 -> 0 | AV60: =AT60-AS60 -> -8 | AW60: 4753 | AX60: 0 | AZ60: =AY60/AW60 -> 0 | BB60: =AR60+AC60+X60+S60+N60+I60+D60+AM60+AH60+AW60 -> 35755 | BC60: =AS60+AD60+Y60+T60+O60+J60+E60+AN60+AI60+AX60 -> 1235 | BD60: =AT60+AE60+Z60+U60+P60+K60+F60+AO60+AJ60+AY60 -> 1196 | BE60: =BD60/BB60 -> 0.033449867
A61: 232420 | B61: GILLETTE | C61: Purnima | D61: 5522 | E61: 222 | F61: 207 | G61: =F61/D61 -> 0.037486418 | H61: =F61-E61 -> -15 | I61: 1662 | J61: 58 | K61: 0 | L61: =K61/I61 -> 0 | M61: =K61-J61 -> -58 | N61: 3970 | O61: 285 | P61: 222 | Q61: =P61/N61 -> 0.055919395 | R61: =P61-O61 -> -63 | S61: 11024 | T61: 771 | U61: 322 | V61: =U61/S61 -> 0.029208999 | W61: =U61-T61 -> -449 | X61: 5277 | Y61: 540 | Z61: 610 | AA61: =Z61/X61 -> 0.11559598 | AB61: =Z61-Y61 -> 70 | AC61: 3936 | AD61: 148 | AE61: 239 | AF61: =AE61/AC61 -> 0.060721545 | AG61: =AE61-AD61 -> 91 | AH61: 4040 | AI61: 214 | AJ61: 190 | AK61: =AJ61/AH61 -> 0.047029703 | AP61: =AO61/AM61 -> #DIV/0! | AU61: =AT61/AR61 -> #DIV/0! | AV61: =AT61-AS61 -> 0 | AW61: 3463 | AX61: 189 | AY61: 102 | AZ61: =AY61/AW61 -> 0.02945423 | BB61: =AR61+AC61+X61+S61+N61+I61+D61+AM61+AH61+AW61 -> 38894 | BC61: =AS61+AD61+Y61+T61+O61+J61+E61+AN61+AI61+AX61 -> 2427 | BD61: =AT61+AE61+Z61+U61+P61+K61+F61+AO61+AJ61+AY61 -> 1892 | BE61: =BD61/BB61 -> 0.048645035
A62: 1214237 | B62: Dualsense | C62: Purnima | D62: 15430 | E62: 744 | F62: 535 | G62: =F62/D62 -> 0.034672715 | H62: =F62-E62 -> -209 | I62: 13411 | J62: 3851 | K62: 1108 | L62: =K62/I62 -> 0.082618746 | M62: =K62-J62 -> -2743 | N62: 14493 | O62: 2336 | P62: 757 | Q62: =P62/N62 -> 0.052232112 | R62: =P62-O62 -> -1579 | S62: 11604 | T62: 1429 | U62: 348 | V62: =U62/S62 -> 0.029989659 | W62: =U62-T62 -> -1081 | X62: 5590 | Y62: 521 | Z62: 398 | AA62: =Z62/X62 -> 0.071198569 | AB62: =Z62-Y62 -> -123 | AC62: 6166 | AD62: 575 | AE62: 379 | AF62: =AE62/AC62 -> 0.061466104 | AG62: =AE62-AD62 -> -196 | AH62: 3131 | AI62: 399 | AJ62: 235 | AK62: =AJ62/AH62 -> 0.075055893 | AM62: 17446 | AN62: 215 | AO62: 66 | AP62: =AO62/AM62 -> 0.0037831021 | AR62: 14733 | AS62: 453 | AT62: 288 | AU62: =AT62/AR62 -> 0.019547954 | AV62: =AT62-AS62 -> -165 | AW62: 6815 | AX62: 117 | AY62: 3 | AZ62: =AY62/AW62 -> 0.00044020543 | BB62: =AR62+AC62+X62+S62+N62+I62+D62+AM62+AH62+AW62 -> 108819 | BC62: =AS62+AD62+Y62+T62+O62+J62+E62+AN62+AI62+AX62 -> 10640 | BD62: =AT62+AE62+Z62+U62+P62+K62+F62+AO62+AJ62+AY62 -> 4117 | BE62: =BD62/BB62 -> 0.037833467
A63: 441155 | B63: Hermès | C63: Purnima | D63: 13173 | E63: 686 | F63: 372 | G63: =F63/D63 -> 0.028239581 | H63: =F63-E63 -> -314 | I63: 7148 | J63: 502 | K63: 182 | L63: =K63/I63 -> 0.025461668 | M63: =K63-J63 -> -320 | N63: 17024 | O63: 4911 | P63: 4787 | Q63: =P63/N63 -> 0.28119126 | R63: =P63-O63 -> -124 | S63: 18231 | T63: 3189 | U63: 3303 | V63: =U63/S63 -> 0.18117492 | W63: =U63-T63 -> 114 | X63: 27603 | Y63: 8877 | Z63: 8759 | AA63: =Z63/X63 -> 0.31732058 | AB63: =Z63-Y63 -> -118 | AC63: 22711 | AD63: 1829 | AE63: 1283 | AF63: =AE63/AC63 -> 0.056492449 | AG63: =AE63-AD63 -> -546 | AH63: 70761 | AI63: 1927 | AJ63: 1903 | AK63: =AJ63/AH63 -> 0.026893345 | AM63: 102166 | AN63: 2271 | AO63: 739 | AP63: =AO63/AM63 -> 0.0072333262 | AR63: 58531 | AS63: 1749 | AT63: 2168 | AU63: =AT63/AR63 -> 0.037040201 | AV63: =AT63-AS63 -> 419 | AW63: 30079 | AX63: 2758 | AY63: 2077 | AZ63: =AY63/AW63 -> 0.069051498 | BB63: =AR63+AC63+X63+S63+N63+I63+D63+AM63+AH63+AW63 -> 367427 | BC63: =AS63+AD63+Y63+T63+O63+J63+E63+AN63+AI63+AX63 -> 28699 | BD63: =AT63+AE63+Z63+U63+P63+K63+F63+AO63+AJ63+AY63 -> 25573 | BE63: =BD63/BB63 -> 0.06960022
A64: 445325 | B64: RAM | C64: Purnima | D64: 15996 | E64: 526 | F64: 437 | G64: =F64/D64 -> 0.02731933 | H64: =F64-E64 -> -89 | I64: 8837 | J64: 1153 | K64: 414 | L64: =K64/I64 -> 0.046848478 | M64: =K64-J64 -> -739 | N64: 6527 | O64: 32 | P64: 27 | Q64: =P64/N64 -> 0.0041366631 | R64: =P64-O64 -> -5 | S64: 1454 | T64: 28 | U64: 26 | V64: =U64/S64 -> 0.017881706 | W64: =U64-T64 -> -2 | X64: 3726 | Y64: 2376 | Z64: 2255 | AA64: =Z64/X64 -> 0.60520666 | AB64: =Z64-Y64 -> -121 | AC64: 3357 | AD64: 447 | AE64: 41 | AF64: =AE64/AC64 -> 0.012213286 | AG64: =AE64-AD64 -> -406 | AH64: 9061 | AI64: 117 | AJ64: 36 | AK64: =AJ64/AH64 -> 0.0039730714 | AM64: 14146 | AN64: 371 | AO64: 309 | AP64: =AO64/AM64 -> 0.021843631 | AR64: 3576 | AS64: 1564 | AT64: 1364 | AU64: =AT64/AR64 -> 0.38143177 | AV64: =AT64-AS64 -> -200 | AW64: 3401 | AX64: 67 | AZ64: =AY64/AW64 -> 0 | BB64: =AR64+AC64+X64+S64+N64+I64+D64+AM64+AH64+AW64 -> 70081 | BC64: =AS64+AD64+Y64+T64+O64+J64+E64+AN64+AI64+AX64 -> 6681 | BD64: =AT64+AE64+Z64+U64+P64+K64+F64+AO64+AJ64+AY64 -> 4909 | BE64: =BD64/BB64 -> 0.070047516
A65: 358949 | B65: Prada | C65: Purnima | D65: 9691 | E65: 264 | F65: 212 | G65: =F65/D65 -> 0.021875967 | H65: =F65-E65 -> -52 | I65: 3186 | J65: 45 | K65: 31 | L65: =K65/I65 -> 0.0097300691 | M65: =K65-J65 -> -14 | N65: 2076 | O65: 19 | P65: 0 | Q65: =P65/N65 -> 0 | R65: =P65-O65 -> -19 | S65: 4191 | T65: 141 | U65: 106 | V65: =U65/S65 -> 0.025292293 | W65: =U65-T65 -> -35 | X65: 327 | Y65: 327 | Z65: 354 | AA65: =Z65/X65 -> 1.0825688 | AB65: =Z65-Y65 -> 27 | AC65: 11243 | AD65: 2677 | AE65: 2673 | AF65: =AE65/AC65 -> 0.23774793 | AG65: =AE65-AD65 -> -4 | AH65: 4716 | AI65: 577 | AJ65: 581 | AK65: =AJ65/AH65 -> 0.12319763 | AM65: 26893 | AN65: 1377 | AO65: 751 | AP65: =AO65/AM65 -> 0.027925482 | AR65: 33214 | AS65: 1747 | AT65: 1120 | AU65: =AT65/AR65 -> 0.03372072 | AV65: =AT65-AS65 -> -627 | AW65: 35971 | AX65: 1586 | AY65: 941 | AZ65: =AY65/AW65 -> 0.026159962 | BB65: =AR65+AC65+X65+S65+N65+I65+D65+AM65+AH65+AW65 -> 131508 | BC65: =AS65+AD65+Y65+T65+O65+J65+E65+AN65+AI65+AX65 -> 8760 | BD65: =AT65+AE65+Z65+U65+P65+K65+F65+AO65+AJ65+AY65 -> 6769 | BE65: =BD65/BB65 -> 0.051472154
A66: 195698 | B66: Philips | C66: Purnima | D66: 24175 | E66: 315 | F66: 259 | G66: =F66/D66 -> 0.010713547 | H66: =F66-E66 -> -56 | I66: 24876 | J66: 1148 | K66: 966 | L66: =K66/I66 -> 0.03883261 | M66: =K66-J66 -> -182 | N66: 7636 | O66: 360 | P66: 297 | Q66: =P66/N66 -> 0.038894709 | R66: =P66-O66 -> -63 | S66: 5983 | T66: 339 | U66: 287 | V66: =U66/S66 -> 0.047969246 | W66: =U66-T66 -> -52 | X66: 8524 | Y66: 318 | Z66: 283 | AA66: =Z66/X66 -> 0.033200375 | AB66: =Z66-Y66 -> -35 | AC66: 4801 | AD66: 135 | AE66: 127 | AF66: =AE66/AC66 -> 0.026452822 | AG66: =AE66-AD66 -> -8 | AH66: 3010 | AI66: 242 | AJ66: 57 | AK66: =AJ66/AH66 -> 0.018936877 | AM66: 27 | AN66: 27 | AO66: 27 | AP66: =AO66/AM66 -> 1 | AR66: 4486 | AS66: 193 | AT66: 170 | AU66: =AT66/AR66 -> 0.037895675 | AV66: =AT66-AS66 -> -23 | AW66: 3183 | AX66: 568 | AY66: 425 | AZ66: =AY66/AW66 -> 0.13352183 | BB66: =AR66+AC66+X66+S66+N66+I66+D66+AM66+AH66+AW66 -> 86701 | BC66: =AS66+AD66+Y66+T66+O66+J66+E66+AN66+AI66+AX66 -> 3645 | BD66: =AT66+AE66+Z66+U66+P66+K66+F66+AO66+AJ66+AY66 -> 2898 | BE66: =BD66/BB66 -> 0.03342522
A67: 587965 | B67: Tiffany Blue | C67: Purnima | D67: 2138 | E67: 156 | F67: 15 | G67: =F67/D67 -> 0.0070159027 | H67: =F67-E67 -> -141 | I67: 2611 | J67: 410 | K67: 13 | L67: =K67/I67 -> 0.0049789353 | M67: =K67-J67 -> -397 | N67: 3996 | O67: 180 | P67: 5 | Q67: =P67/N67 -> 0.0012512513 | R67: =P67-O67 -> -175 | S67: 113 | T67: 113 | U67: 2 | V67: =U67/S67 -> 0.017699115 | W67: =U67-T67 -> -111 | AA67: =Z67/X67 -> #DIV/0! | AB67: =Z67-Y67 -> 0 | AF67: =AE67/AC67 -> #DIV/0! | AG67: =AE67-AD67 -> 0 | AH67: 5832 | AI67: 150 | AJ67: 14 | AK67: =AJ67/AH67 -> 0.0024005487 | AM67: 8112 | AN67: 214 | AO67: 16 | AP67: =AO67/AM67 -> 0.0019723866 | AR67: 28899 | AS67: 142 | AT67: 52 | AU67: =AT67/AR67 -> 0.0017993702 | AV67: =AT67-AS67 -> -90 | AW67: 33258 | AX67: 65 | AY67: 106 | AZ67: =AY67/AW67 -> 0.0031872031 | BB67: =AR67+AC67+X67+S67+N67+I67+D67+AM67+AH67+AW67 -> 84959 | BC67: =AS67+AD67+Y67+T67+O67+J67+E67+AN67+AI67+AX67 -> 1430 | BD67: =AT67+AE67+Z67+U67+P67+K67+F67+AO67+AJ67+AY67 -> 223 | BE67: =BD67/BB67 -> 0.0026247955
A68: 195590 | B68: SONICARE | C68: Purnima | D68: 4144 | E68: 11 | F68: 9 | G68: =F68/D68 -> 0.0021718147 | H68: =F68-E68 -> -2 | I68: 2295 | J68: 46 | K68: 44 | L68: =K68/I68 -> 0.019172113 | M68: =K68-J68 -> -2 | N68: 0 | O68: 0 | P68: 0 | Q68: =P68/N68 -> #DIV/0! | R68: =P68-O68 -> 0 | S68: 2100 | T68: 3 | U68: 3 | V68: =U68/S68 -> 0.0014285714 | W68: =U68-T68 -> 0 | X68: 4451 | Y68: 340 | Z68: 46 | AA68: =Z68/X68 -> 0.010334756 | AB68: =Z68-Y68 -> -294 | AC68: 5219 | AD68: 47 | AE68: 23 | AF68: =AE68/AC68 -> 0.0044069745 | AG68: =AE68-AD68 -> -24 | AK68: =AJ68/AH68 -> #DIV/0! | AP68: =AO68/AM68 -> #DIV/0! | AU68: =AT68/AR68 -> #DIV/0! | AV68: =AT68-AS68 -> 0 | AW68: 2635 | AX68: 7 | AZ68: =AY68/AW68 -> 0 | BB68: =AR68+AC68+X68+S68+N68+I68+D68+AM68+AH68+AW68 -> 20844 | BC68: =AS68+AD68+Y68+T68+O68+J68+E68+AN68+AI68+AX68 -> 454 | BD68: =AT68+AE68+Z68+U68+P68+K68+F68+AO68+AJ68+AY68 -> 125 | BE68: =BD68/BB68 -> 0.0059969296
A69: 471764 | B69: Dualshock (PS4) | C69: Purnima | N69: 1955 | O69: 146 | P69: 0 | Q69: =P69/N69 -> 0 | R69: =P69-O69 -> -146 | S69: 0 | T69: 0 | U69: 0 | V69: =U69/S69 -> #DIV/0! | W69: =U69-T69 -> 0 | AA69: =Z69/X69 -> #DIV/0! | AB69: =Z69-Y69 -> 0 | AF69: =AE69/AC69 -> #DIV/0! | AG69: =AE69-AD69 -> 0 | AK69: =AJ69/AH69 -> #DIV/0! | AP69: =AO69/AM69 -> #DIV/0! | AU69: =AT69/AR69 -> #DIV/0! | AV69: =AT69-AS69 -> 0 | AZ69: =AY69/AW69 -> #DIV/0! | BB69: =AR69+AC69+X69+S69+N69+I69+D69+AM69+AH69+AW69 -> 1955 | BC69: =AS69+AD69+Y69+T69+O69+J69+E69+AN69+AI69+AX69 -> 146 | BD69: =AT69+AE69+Z69+U69+P69+K69+F69+AO69+AJ69+AY69 -> 0 | BE69: =BD69/BB69 -> 0
A70: 207497 | B70: Swarovski | C70: Purnima | S70: 7454 | T70: 885 | U70: 850 | V70: =U70/S70 -> 0.11403273 | X70: 2101 | Y70: 666 | Z70: 662 | AA70: =Z70/X70 -> 0.31508805 | AB70: =Z70-Y70 -> -4 | AC70: 498 | AD70: 3 | AE70: 3 | AF70: =AE70/AC70 -> 0.0060240964 | AG70: =AE70-AD70 -> 0 | AH70: 1685 | AI70: 1685 | AJ70: 396 | AK70: =AJ70/AH70 -> 0.23501484 | AM70: 29849 | AN70: 2232 | AO70: 1674 | AP70: =AO70/AM70 -> 0.056082281 | AR70: 98521 | AS70: 52371 | AT70: 28968 | AU70: =AT70/AR70 -> 0.29402868 | AV70: =AT70-AS70 -> -23403 | AW70: 61365 | AX70: 39901 | AY70: 33022 | AZ70: =AY70/AW70 -> 0.53812434 | BB70: =AR70+AC70+X70+S70+N70+I70+D70+AM70+AH70+AW70 -> 201473 | BC70: =AS70+AD70+Y70+T70+O70+J70+E70+AN70+AI70+AX70 -> 97743 | BD70: =AT70+AE70+Z70+U70+P70+K70+F70+AO70+AJ70+AY70 -> 65575 | BE70: =BD70/BB70 -> 0.32547786
A71: 380173 | B71: Celine | C71: Purnima | D71: 3 | E71: 3 | F71: 3 | G71: =F71/D71 -> 1 | H71: =F71-E71 -> 0 | I71: 6 | J71: 6 | K71: 6 | L71: =K71/I71 -> 1 | M71: =K71-J71 -> 0 | N71: 20774 | O71: 1899 | P71: 2035 | Q71: =P71/N71 -> 0.097958987 | R71: =P71-O71 -> 136 | S71: 26087 | T71: 1079 | U71: 795 | V71: =U71/S71 -> 0.030474949 | W71: =U71-T71 -> -284 | X71: 9950 | Y71: 519 | Z71: 797 | AA71: =Z71/X71 -> 0.080100503 | AB71: =Z71-Y71 -> 278 | AC71: 4201 | AD71: 223 | AE71: 214 | AF71: =AE71/AC71 -> 0.050940252 | AG71: =AE71-AD71 -> -9 | AH71: 5852 | AI71: 676 | AJ71: 564 | AK71: =AJ71/AH71 -> 0.096377307 | AM71: 9368 | AN71: 141 | AO71: 91 | AP71: =AO71/AM71 -> 0.0097139197 | AR71: 82165 | AS71: 5779 | AT71: 4546 | AU71: =AT71/AR71 -> 0.055327694 | AV71: =AT71-AS71 -> -1233 | AW71: 51502 | AX71: 1613 | AY71: 1158 | AZ71: =AY71/AW71 -> 0.022484564 | BB71: =AR71+AC71+X71+S71+N71+I71+D71+AM71+AH71+AW71 -> 209908 | BC71: =AS71+AD71+Y71+T71+O71+J71+E71+AN71+AI71+AX71 -> 11938 | BD71: =AT71+AE71+Z71+U71+P71+K71+F71+AO71+AJ71+AY71 -> 10209 | BE71: =BD71/BB71 -> 0.048635593
A72: 179013 | B72: Marc Jacobs | C72: Purnima | D72: 10 | E72: 10 | F72: 10 | G72: =F72/D72 -> 1 | H72: =F72-E72 -> 0 | I72: 0 | J72: 0 | K72: 0 | L72: 0 | M72: =K72-J72 -> 0 | N72: 154 | O72: 154 | P72: 152 | Q72: =P72/N72 -> 0.98701299 | R72: =P72-O72 -> -2 | S72: 3058 | T72: 298 | U72: 298 | V72: =U72/S72 -> 0.097449313 | W72: =U72-T72 -> 0 | X72: 296 | Y72: 31 | Z72: 31 | AA72: =Z72/X72 -> 0.10472973 | AB72: =Z72-Y72 -> 0 | AF72: =AE72/AC72 -> #DIV/0! | AG72: =AE72-AD72 -> 0 | AH72: 510 | AI72: 11 | AJ72: 1 | AK72: =AJ72/AH72 -> 0.0019607843 | AM72: 32172 | AN72: 858 | AO72: 666 | AP72: =AO72/AM72 -> 0.020701231 | AR72: 52059 | AS72: 1716 | AT72: 899 | AU72: =AT72/AR72 -> 0.017268868 | AV72: =AT72-AS72 -> -817 | AW72: 37672 | AX72: 1231 | AY72: 596 | AZ72: =AY72/AW72 -> 0.015820769 | BB72: =AR72+AC72+X72+S72+N72+I72+D72+AM72+AH72+AW72 -> 125931 | BC72: =AS72+AD72+Y72+T72+O72+J72+E72+AN72+AI72+AX72 -> 4309 | BD72: =AT72+AE72+Z72+U72+P72+K72+F72+AO72+AJ72+AY72 -> 2653 | BE72: =BD72/BB72 -> 0.021067092
A73: 681443 | B73: LOEWE | C73: Purnima | D73: 18 | E73: 18 | F73: 17 | G73: =F73/D73 -> 0.94444444 | H73: =F73-E73 -> -1 | I73: 1 | J73: 1 | K73: 1 | L73: =K73/I73 -> 1 | M73: =K73-J73 -> 0 | N73: 0 | O73: 0 | P73: 0 | Q73: =P73/N73 -> #DIV/0! | R73: =P73-O73 -> 0 | S73: 0 | T73: 0 | U73: 0 | V73: =U73/S73 -> #DIV/0! | W73: =U73-T73 -> 0 | AA73: =Z73/X73 -> #DIV/0! | AB73: =Z73-Y73 -> 0 | AF73: =AE73/AC73 -> #DIV/0! | AG73: =AE73-AD73 -> 0 | AH73: 3 | AI73: 3 | AK73: =AJ73/AH73 -> 0 | AM73: 47792 | AN73: 3544 | AO73: 3350 | AP73: =AO73/AM73 -> 0.070095413 | AR73: 47593 | AS73: 847 | AT73: 583 | AU73: =AT73/AR73 -> 0.012249701 | AV73: =AT73-AS73 -> -264 | AW73: 29214 | AX73: 2595 | AY73: 571 | AZ73: =AY73/AW73 -> 0.019545423 | BB73: =AR73+AC73+X73+S73+N73+I73+D73+AM73+AH73+AW73 -> 124621 | BC73: =AS73+AD73+Y73+T73+O73+J73+E73+AN73+AI73+AX73 -> 7008 | BD73: =AT73+AE73+Z73+U73+P73+K73+F73+AO73+AJ73+AY73 -> 4522 | BE73: =BD73/BB73 -> 0.036286019
A74: 487757 | B74: FENDI | C74: Purnima | D74: 13 | E74: 13 | F74: 3 | G74: =F74/D74 -> 0.23076923 | H74: =F74-E74 -> -10 | I74: 0 | J74: 0 | K74: 0 | L74: 0 | M74: =K74-J74 -> 0 | N74: 7 | O74: 7 | P74: 7 | Q74: =P74/N74 -> 1 | R74: =P74-O74 -> 0 | S74: 3968 | T74: 38 | U74: 35 | V74: =U74/S74 -> 0.0088205645 | W74: =U74-T74 -> -3 | X74: 16 | Y74: 16 | Z74: 16 | AA74: =Z74/X74 -> 1 | AB74: =Z74-Y74 -> 0 | AC74: 26 | AD74: 26 | AE74: 25 | AF74: =AE74/AC74 -> 0.96153846 | AG74: =AE74-AD74 -> -1 | AK74: =AJ74/AH74 -> #DIV/0! | AM74: 19963 | AN74: 92 | AO74: 80 | AP74: =AO74/AM74 -> 0.0040074137 | AR74: 38981 | AS74: 192 | AT74: 139 | AU74: =AT74/AR74 -> 0.0035658398 | AV74: =AT74-AS74 -> -53 | AW74: 29417 | AX74: 112 | AY74: 234 | AZ74: =AY74/AW74 -> 0.0079545841 | BB74: =AR74+AC74+X74+S74+N74+I74+D74+AM74+AH74+AW74 -> 92391 | BC74: =AS74+AD74+Y74+T74+O74+J74+E74+AN74+AI74+AX74 -> 496 | BD74: =AT74+AE74+Z74+U74+P74+K74+F74+AO74+AJ74+AY74 -> 539 | BE74: =BD74/BB74 -> 0.0058339016
A75: 359300 | B75: Dior | C75: Purnima | D75: 20 | E75: 20 | F75: 1 | G75: =F75/D75 -> 0.05 | H75: =F75-E75 -> -19 | I75: 19 | J75: 19 | K75: 6 | L75: =K75/I75 -> 0.31578947 | M75: =K75-J75 -> -13 | N75: 2327 | O75: 206 | P75: 205 | Q75: =P75/N75 -> 0.088096261 | R75: =P75-O75 -> -1 | S75: 3868 | T75: 210 | U75: 37 | V75: =U75/S75 -> 0.009565667 | W75: =U75-T75 -> -173 | X75: 10123 | Y75: 647 | Z75: 546 | AA75: =Z75/X75 -> 0.05393658 | AB75: =Z75-Y75 -> -101 | AC75: 11570 | AD75: 2266 | AE75: 2257 | AF75: =AE75/AC75 -> 0.19507347 | AG75: =AE75-AD75 -> -9 | AH75: 44 | AI75: 44 | AJ75: 42 | AK75: =AJ75/AH75 -> 0.95454545 | AM75: 10636 | AN75: 61 | AO75: 41 | AP75: =AO75/AM75 -> 0.0038548326 | AR75: 54449 | AS75: 1807 | AT75: 1360 | AU75: =AT75/AR75 -> 0.024977502 | AV75: =AT75-AS75 -> -447 | AW75: 46136 | AX75: 3925 | AY75: 2115 | AZ75: =AY75/AW75 -> 0.045842726 | BB75: =AR75+AC75+X75+S75+N75+I75+D75+AM75+AH75+AW75 -> 139192 | BC75: =AS75+AD75+Y75+T75+O75+J75+E75+AN75+AI75+AX75 -> 9205 | BD75: =AT75+AE75+Z75+U75+P75+K75+F75+AO75+AJ75+AY75 -> 6610 | BE75: =BD75/BB75 -> 0.047488361
A76: 421299 | B76: BURBERRY | C76: Purnima | AK76: =AJ76/AH76 -> #DIV/0! | AM76: 20090 | AN76: 66 | AO76: 8 | AP76: =AO76/AM76 -> 0.00039820806 | AR76: 53236 | AS76: 2074 | AT76: 1487 | AU76: =AT76/AR76 -> 0.027932226 | AW76: 30242 | AX76: 524 | AY76: 105 | AZ76: =AY76/AW76 -> 0.0034719926 | BB76: =AR76+AC76+X76+S76+N76+I76+D76+AM76+AH76+AW76 -> 103568 | BC76: =AS76+AD76+Y76+T76+O76+J76+E76+AN76+AI76+AX76 -> 2664 | BD76: =AT76+AE76+Z76+U76+P76+K76+F76+AO76+AJ76+AY76 -> 1600 | BE76: =BD76/BB76 -> 0.015448787
A77: 426094 | B77: Twilly D'hermes | C77: Purnima | AK77: =AJ77/AH77 -> #DIV/0! | AM77: 3869 | AN77: 26 | AP77: =AO77/AM77 -> 0 | AR77: 10713 | AS77: 7 | AT77: 5 | AU77: =AT77/AR77 -> 0.00046672267 | AW77: 9783 | AX77: 3 | AY77: 2 | AZ77: =AY77/AW77 -> 0.00020443627 | BB77: =AR77+AC77+X77+S77+N77+I77+D77+AM77+AH77+AW77 -> 24365 | BC77: =AS77+AD77+Y77+T77+O77+J77+E77+AN77+AI77+AX77 -> 36 | BD77: =AT77+AE77+Z77+U77+P77+K77+F77+AO77+AJ77+AY77 -> 7 | BE77: =BD77/BB77 -> 0.00028729735
A78: 441156 | B78: HERMÈS PARIS | C78: Purnima | AK78: =AJ78/AH78 -> #DIV/0! | AM78: 2202 | AN78: 0 | AP78: =AO78/AM78 -> 0 | AR78: 2891 | AS78: 0 | AU78: =AT78/AR78 -> 0 | AW78: 3694 | AX78: 0 | AZ78: =AY78/AW78 -> 0 | BB78: =AR78+AC78+X78+S78+N78+I78+D78+AM78+AH78+AW78 -> 8787 | BC78: =AS78+AD78+Y78+T78+O78+J78+E78+AN78+AI78+AX78 -> 0 | BD78: =AT78+AE78+Z78+U78+P78+K78+F78+AO78+AJ78+AY78 -> 0 | BE78: =BD78/BB78 -> 0
A79: 587469 | B79: H | C79: Purnima | AK79: =AJ79/AH79 -> #DIV/0! | AM79: 17146 | AN79: 62 | AO79: 8 | AP79: =AO79/AM79 -> 0.00046658113 | AR79: 67994 | AS79: 1957 | AT79: 776 | AU79: =AT79/AR79 -> 0.011412772 | AW79: 71347 | AX79: 5004 | AY79: 2853 | AZ79: =AY79/AW79 -> 0.039987666 | BB79: =AR79+AC79+X79+S79+N79+I79+D79+AM79+AH79+AW79 -> 156487 | BC79: =AS79+AD79+Y79+T79+O79+J79+E79+AN79+AI79+AX79 -> 7023 | BD79: =AT79+AE79+Z79+U79+P79+K79+F79+AO79+AJ79+AY79 -> 3637 | BE79: =BD79/BB79 -> 0.023241547
A80: 681442 | B80: BAGUETTE | C80: Purnima | AK80: =AJ80/AH80 -> #DIV/0! | AM80: 9776 | AN80: 351 | AO80: 148 | AP80: =AO80/AM80 -> 0.015139116 | AR80: 58250 | AS80: 2547 | AT80: 1296 | AU80: =AT80/AR80 -> 0.022248927 | AW80: 28918 | AX80: 989 | AY80: 490 | AZ80: =AY80/AW80 -> 0.016944464 | BB80: =AR80+AC80+X80+S80+N80+I80+D80+AM80+AH80+AW80 -> 96944 | BC80: =AS80+AD80+Y80+T80+O80+J80+E80+AN80+AI80+AX80 -> 3887 | BD80: =AT80+AE80+Z80+U80+P80+K80+F80+AO80+AJ80+AY80 -> 1934 | BE80: =BD80/BB80 -> 0.019949662
A81: 235903 | B81: TIFFANY & CO. | C81: Purnima | AH81: 1 | AI81: 0 | AK81: =AJ81/AH81 -> 0 | AM81: 21868 | AN81: 2005 | AO81: 1956 | AP81: =AO81/AM81 -> 0.089445766 | AR81: 54595 | AS81: 2952 | AT81: 1553 | AU81: =AT81/AR81 -> 0.028445828 | AW81: 17074 | AX81: 227 | AY81: 208 | AZ81: =AY81/AW81 -> 0.012182265 | BB81: =AR81+AC81+X81+S81+N81+I81+D81+AM81+AH81+AW81 -> 93538 | BC81: =AS81+AD81+Y81+T81+O81+J81+E81+AN81+AI81+AX81 -> 5184 | BD81: =AT81+AE81+Z81+U81+P81+K81+F81+AO81+AJ81+AY81 -> 3717 | BE81: =BD81/BB81 -> 0.039737861
A82: 402936 | B82: Givenchy | C82: Purnima | AK82: =AJ82/AH82 -> #DIV/0! | AM82: 23871 | AN82: 511 | AO82: 360 | AP82: =AO82/AM82 -> 0.015081061 | AR82: 53750 | AS82: 2396 | AT82: 1765 | AU82: =AT82/AR82 -> 0.032837209 | AW82: 45450 | AX82: 2406 | AY82: 1670 | AZ82: =AY82/AW82 -> 0.036743674 | BB82: =AR82+AC82+X82+S82+N82+I82+D82+AM82+AH82+AW82 -> 123071 | BC82: =AS82+AD82+Y82+T82+O82+J82+E82+AN82+AI82+AX82 -> 5313 | BD82: =AT82+AE82+Z82+U82+P82+K82+F82+AO82+AJ82+AY82 -> 3795 | BE82: =BD82/BB82 -> 0.030835859
A83: 340117 | B83: BVLGARI | C83: Purnima | AK83: =AJ83/AH83 -> #DIV/0! | AM83: 20577 | AN83: 6 | AO83: 6 | AP83: =AO83/AM83 -> 0.00029158769 | AR83: 48548 | AS83: 254 | AT83: 114 | AU83: =AT83/AR83 -> 0.0023481915 | AW83: 29066 | AX83: 443 | AY83: 460 | AZ83: =AY83/AW83 -> 0.015826051 | BB83: =AR83+AC83+X83+S83+N83+I83+D83+AM83+AH83+AW83 -> 98191 | BC83: =AS83+AD83+Y83+T83+O83+J83+E83+AN83+AI83+AX83 -> 703 | BD83: =AT83+AE83+Z83+U83+P83+K83+F83+AO83+AJ83+AY83 -> 580 | BE83: =BD83/BB83 -> 0.005906855
A84: 617190 | B84: BVLGARI SERPENTI | C84: Purnima | AK84: =AJ84/AH84 -> #DIV/0! | AM84: 3426 | AN84: 4 | AO84: 4 | AP84: =AO84/AM84 -> 0.0011675423 | AR84: 28805 | AS84: 13 | AT84: 5 | AU84: =AT84/AR84 -> 0.00017358098 | AW84: 28579 | AX84: 81 | AY84: 12 | AZ84: =AY84/AW84 -> 0.00041988873 | BB84: =AR84+AC84+X84+S84+N84+I84+D84+AM84+AH84+AW84 -> 60810 | BC84: =AS84+AD84+Y84+T84+O84+J84+E84+AN84+AI84+AX84 -> 98 | BD84: =AT84+AE84+Z84+U84+P84+K84+F84+AO84+AJ84+AY84 -> 21 | BE84: =BD84/BB84 -> 0.00034533794
A85: 688751 | B85: SERPENTI | C85: Purnima | AK85: =AJ85/AH85 -> #DIV/0! | AM85: 8730 | AN85: 0 | AP85: =AO85/AM85 -> 0 | AR85: 21854 | AS85: 202 | AT85: 162 | AU85: =AT85/AR85 -> 0.0074128306 | AW85: 12476 | AX85: 70 | AY85: 55 | AZ85: =AY85/AW85 -> 0.0044084643 | BB85: =AR85+AC85+X85+S85+N85+I85+D85+AM85+AH85+AW85 -> 43060 | BC85: =AS85+AD85+Y85+T85+O85+J85+E85+AN85+AI85+AX85 -> 272 | BD85: =AT85+AE85+Z85+U85+P85+K85+F85+AO85+AJ85+AY85 -> 217 | BE85: =BD85/BB85 -> 0.0050394798
A86: 403933 | B86: Hublot | C86: Purnima | AK86: =AJ86/AH86 -> #DIV/0! | AM86: 39069 | AN86: 13261 | AO86: 11596 | AP86: =AO86/AM86 -> 0.29680821 | AR86: 76827 | AS86: 2119 | AT86: 376 | AU86: =AT86/AR86 -> 0.0048941127 | AW86: 43830 | AX86: 18033 | AY86: 13140 | AZ86: =AY86/AW86 -> 0.29979466 | BB86: =AR86+AC86+X86+S86+N86+I86+D86+AM86+AH86+AW86 -> 159726 | BC86: =AS86+AD86+Y86+T86+O86+J86+E86+AN86+AI86+AX86 -> 33413 | BD86: =AT86+AE86+Z86+U86+P86+K86+F86+AO86+AJ86+AY86 -> 25112 | BE86: =BD86/BB86 -> 0.15721924
A87: 410641 | B87: TAG Heuer | C87: Purnima | AK87: =AJ87/AH87 -> #DIV/0! | AM87: 17508 | AN87: 88 | AO87: 61 | AP87: =AO87/AM87 -> 0.0034841215 | AR87: 48677 | AS87: 2072 | AT87: 1701 | AU87: =AT87/AR87 -> 0.034944635 | AW87: 43494 | AX87: 1276 | AY87: 443 | AZ87: =AY87/AW87 -> 0.010185313 | BB87: =AR87+AC87+X87+S87+N87+I87+D87+AM87+AH87+AW87 -> 109679 | BC87: =AS87+AD87+Y87+T87+O87+J87+E87+AN87+AI87+AX87 -> 3436 | BD87: =AT87+AE87+Z87+U87+P87+K87+F87+AO87+AJ87+AY87 -> 2205 | BE87: =BD87/BB87 -> 0.020104122
A88: 405029 | B88: Kenzo | C88: Purnima | AK88: =AJ88/AH88 -> #DIV/0! | AM88: 20858 | AN88: 1648 | AO88: 1376 | AP88: =AO88/AM88 -> 0.065969892 | AR88: 30562 | AS88: 1087 | AT88: 457 | AU88: =AT88/AR88 -> 0.01495321 | AW88: 22839 | AX88: 1537 | AY88: 1315 | AZ88: =AY88/AW88 -> 0.057576952 | BB88: =AR88+AC88+X88+S88+N88+I88+D88+AM88+AH88+AW88 -> 74259 | BC88: =AS88+AD88+Y88+T88+O88+J88+E88+AN88+AI88+AX88 -> 4272 | BD88: =AT88+AE88+Z88+U88+P88+K88+F88+AO88+AJ88+AY88 -> 3148 | BE88: =BD88/BB88 -> 0.042392168
A89: 615240 | B89: Berluti | C89: Purnima | AK89: =AJ89/AH89 -> #DIV/0! | AM89: 25021 | AN89: 26 | AO89: 26 | AP89: =AO89/AM89 -> 0.0010391271 | AR89: 30064 | AS89: 5 | AT89: 5 | AU89: =AT89/AR89 -> 0.00016631187 | AW89: 14301 | AX89: 0 | AY89: 2 | AZ89: =AY89/AW89 -> 0.00013985036 | BB89: =AR89+AC89+X89+S89+N89+I89+D89+AM89+AH89+AW89 -> 69386 | BC89: =AS89+AD89+Y89+T89+O89+J89+E89+AN89+AI89+AX89 -> 31 | BD89: =AT89+AE89+Z89+U89+P89+K89+F89+AO89+AJ89+AY89 -> 33 | BE89: =BD89/BB89 -> 0.00047560027
A90: 471725 | B90: SALVATORE FERRAGAMO | C90: Purnima | AK90: =AJ90/AH90 -> #DIV/0! | AM90: 17311 | AN90: 69 | AO90: 18 | AP90: =AO90/AM90 -> 0.0010398013 | AR90: 65322 | AS90: 20696 | AT90: 10601 | AU90: =AT90/AR90 -> 0.16228836 | AW90: 43075 | AX90: 18038 | AY90: 15436 | AZ90: =AY90/AW90 -> 0.35835171 | BB90: =AR90+AC90+X90+S90+N90+I90+D90+AM90+AH90+AW90 -> 125708 | BC90: =AS90+AD90+Y90+T90+O90+J90+E90+AN90+AI90+AX90 -> 38803 | BD90: =AT90+AE90+Z90+U90+P90+K90+F90+AO90+AJ90+AY90 -> 26055 | BE90: =BD90/BB90 -> 0.20726605
A91: 457779 | B91: V | C91: Purnima | AK91: =AJ91/AH91 -> #DIV/0! | AP91: =AO91/AM91 -> #DIV/0! | AR91: 47971 | AS91: 1948 | AT91: 1298 | AU91: =AT91/AR91 -> 0.027058014 | AW91: 19878 | AX91: 353 | AY91: 376 | AZ91: =AY91/AW91 -> 0.018915384 | BB91: =AR91+AC91+X91+S91+N91+I91+D91+AM91+AH91+AW91 -> 67849 | BC91: =AS91+AD91+Y91+T91+O91+J91+E91+AN91+AI91+AX91 -> 2301 | BD91: =AT91+AE91+Z91+U91+P91+K91+F91+AO91+AJ91+AY91 -> 1674 | BE91: =BD91/BB91 -> 0.024672434
A92: 373933 | B92: Sky | C92: NOI/Escalation | D92: 51 | E92: 23 | F92: 18 | G92: =F92/D92 -> 0.35294118 | H92: =F92-E92 -> -5 | I92: 13 | J92: 7 | K92: 7 | L92: =K92/I92 -> 0.53846154 | M92: =K92-J92 -> 0 | N92: 7 | O92: 4 | P92: 2 | Q92: =P92/N92 -> 0.28571429 | R92: =P92-O92 -> -2 | S92: 18 | T92: 0 | U92: 2 | V92: =U92/S92 -> 0.11111111 | W92: =U92-T92 -> 2 | AA92: =Z92/X92 -> #DIV/0! | AB92: =Z92-Y92 -> 0 | AF92: =AE92/AC92 -> #DIV/0! | AG92: =AE92-AD92 -> 0 | AH92: 5814 | AI92: 44 | AJ92: 93 | AK92: =AJ92/AH92 -> 0.015995872 | AM92: 24486 | AN92: 342 | AO92: 188 | AP92: =AO92/AM92 -> 0.0076778567 | AU92: =AT92/AR92 -> #DIV/0! | AV92: =AT92-AS92 -> 0 | AZ92: =AY92/AW92 -> #DIV/0! | BB92: =AR92+AC92+X92+S92+N92+I92+D92+AM92+AH92+AW92 -> 30389 | BC92: =AS92+AD92+Y92+T92+O92+J92+E92+AN92+AI92+AX92 -> 420 | BD92: =AT92+AE92+Z92+U92+P92+K92+F92+AO92+AJ92+AY92 -> 310 | BE92: =BD92/BB92 -> 0.01020106
A93: 338729 | B93: KÄFER | C93: NOI/Escalation | D93: 762 | E93: 412 | F93: 232 | G93: =F93/D93 -> 0.30446194 | H93: =F93-E93 -> -180 | I93: 2485 | J93: 192 | K93: 85 | L93: =K93/I93 -> 0.034205231 | M93: =K93-J93 -> -107 | N93: 32 | O93: 11 | P93: 21 | Q93: =P93/N93 -> 0.65625 | R93: =P93-O93 -> 10 | S93: 15 | T93: 5 | U93: 2 | V93: =U93/S93 -> 0.13333333 | W93: =U93-T93 -> -3 | AA93: =Z93/X93 -> #DIV/0! | AB93: =Z93-Y93 -> 0 | AF93: =AE93/AC93 -> #DIV/0! | AG93: =AE93-AD93 -> 0 | AK93: =AJ93/AH93 -> #DIV/0! | AP93: =AO93/AM93 -> #DIV/0! | AR93: 4959 | AS93: 1726 | AT93: 1212 | AU93: =AT93/AR93 -> 0.24440411 | AV93: =AT93-AS93 -> -514 | AW93: 8489 | AX93: 1527 | AY93: 1162 | AZ93: =AY93/AW93 -> 0.13688303 | BB93: =AR93+AC93+X93+S93+N93+I93+D93+AM93+AH93+AW93 -> 16742 | BC93: =AS93+AD93+Y93+T93+O93+J93+E93+AN93+AI93+AX93 -> 3873 | BD93: =AT93+AE93+Z93+U93+P93+K93+F93+AO93+AJ93+AY93 -> 2714 | BE93: =BD93/BB93 -> 0.16210728
A94: 586404 | B94: F-150 | C94: NOI/Escalation | D94: 70 | E94: 56 | F94: 21 | G94: =F94/D94 -> 0.3 | H94: =F94-E94 -> -35 | I94: 268 | J94: 113 | K94: 67 | L94: =K94/I94 -> 0.25 | M94: =K94-J94 -> -46 | N94: 406 | O94: 83 | P94: 20 | Q94: =P94/N94 -> 0.049261084 | R94: =P94-O94 -> -63 | S94: 1331 | T94: 20 | U94: 31 | V94: =U94/S94 -> 0.023290759 | W94: =U94-T94 -> 11 | AA94: =Z94/X94 -> #DIV/0! | AB94: =Z94-Y94 -> 0 | AF94: =AE94/AC94 -> #DIV/0! | AG94: =AE94-AD94 -> 0 | AH94: 13530 | AI94: 2 | AJ94: 4 | AK94: =AJ94/AH94 -> 0.00029563932 | AM94: 16053 | AN94: 62 | AO94: 50 | AP94: =AO94/AM94 -> 0.0031146826 | AU94: =AT94/AR94 -> #DIV/0! | AV94: =AT94-AS94 -> 0 | AZ94: =AY94/AW94 -> #DIV/0! | BB94: =AR94+AC94+X94+S94+N94+I94+D94+AM94+AH94+AW94 -> 31658 | BC94: =AS94+AD94+Y94+T94+O94+J94+E94+AN94+AI94+AX94 -> 336 | BD94: =AT94+AE94+Z94+U94+P94+K94+F94+AO94+AJ94+AY94 -> 193 | BE94: =BD94/BB94 -> 0.0060964053
A95: 364310 | B95: Skoda | C95: NOI/Escalation | D95: 5465 | E95: 765 | F95: 561 | G95: =F95/D95 -> 0.10265325 | H95: =F95-E95 -> -204 | I95: 833 | J95: 126 | K95: 127 | L95: =K95/I95 -> 0.15246098 | M95: =K95-J95 -> 1 | N95: 632 | O95: 185 | P95: 191 | Q95: =P95/N95 -> 0.30221519 | R95: =P95-O95 -> 6 | S95: 433 | T95: 38 | U95: 29 | V95: =U95/S95 -> 0.066974596 | W95: =U95-T95 -> -9 | AA95: =Z95/X95 -> #DIV/0! | AB95: =Z95-Y95 -> 0 | AF95: =AE95/AC95 -> #DIV/0! | AG95: =AE95-AD95 -> 0 | AK95: =AJ95/AH95 -> #DIV/0! | AM95: 13 | AN95: 12 | AP95: =AO95/AM95 -> 0 | AU95: =AT95/AR95 -> #DIV/0! | AV95: =AT95-AS95 -> 0 | AZ95: =AY95/AW95 -> #DIV/0! | BB95: =AR95+AC95+X95+S95+N95+I95+D95+AM95+AH95+AW95 -> 7376 | BC95: =AS95+AD95+Y95+T95+O95+J95+E95+AN95+AI95+AX95 -> 1126 | BD95: =AT95+AE95+Z95+U95+P95+K95+F95+AO95+AJ95+AY95 -> 908 | BE95: =BD95/BB95 -> 0.12310195
A96: 232415 | B96: ORAL-B | C96: NOI/Escalation | D96: 2478 | E96: 9 | F96: 9 | G96: =F96/D96 -> 0.0036319613 | H96: =F96-E96 -> 0 | I96: 2158 | J96: 18 | K96: 0 | L96: =K96/I96 -> 0 | M96: =K96-J96 -> -18 | N96: 0 | O96: 0 | P96: 0 | Q96: =P96/N96 -> #DIV/0! | R96: =P96-O96 -> 0 | S96: 1890 | T96: 58 | U96: 0 | V96: =U96/S96 -> 0 | W96: =U96-T96 -> -58 | Z96: 10 | AA96: =Z96/X96 -> #DIV/0! | AB96: =Z96-Y96 -> 10 | AF96: =AE96/AC96 -> #DIV/0! | AG96: =AE96-AD96 -> 0 | AH96: 1297 | AI96: 12 | AJ96: 2 | AK96: =AJ96/AH96 -> 0.00154202 | AM96: 2570 | AN96: 13 | AO96: 1 | AP96: =AO96/AM96 -> 0.00038910506 | AU96: =AT96/AR96 -> #DIV/0! | AV96: =AT96-AS96 -> 0 | AW96: 98 | AX96: 42 | AZ96: =AY96/AW96 -> 0 | BB96: =AR96+AC96+X96+S96+N96+I96+D96+AM96+AH96+AW96 -> 10491 | BC96: =AS96+AD96+Y96+T96+O96+J96+E96+AN96+AI96+AX96 -> 152 | BD96: =AT96+AE96+Z96+U96+P96+K96+F96+AO96+AJ96+AY96 -> 22 | BE96: =BD96/BB96 -> 0.0020970356
A97: 195649 | B97: AVENT | C97: NOI/Escalation | D97: 2877 | E97: 20 | F97: 2 | G97: =F97/D97 -> 0.00069516858 | H97: =F97-E97 -> -18 | I97: 2169 | J97: 20 | K97: 15 | L97: =K97/I97 -> 0.0069156293 | M97: =K97-J97 -> -5 | N97: 0 | O97: 0 | P97: 0 | Q97: =P97/N97 -> #DIV/0! | R97: =P97-O97 -> 0 | S97: 996 | T97: 30 | U97: 4 | V97: =U97/S97 -> 0.0040160643 | W97: =U97-T97 -> -26 | AA97: =Z97/X97 -> #DIV/0! | AB97: =Z97-Y97 -> 0 | AF97: =AE97/AC97 -> #DIV/0! | AG97: =AE97-AD97 -> 0 | AK97: =AJ97/AH97 -> #DIV/0! | AP97: =AO97/AM97 -> #DIV/0! | AU97: =AT97/AR97 -> #DIV/0! | AV97: =AT97-AS97 -> 0 | AZ97: =AY97/AW97 -> #DIV/0! | BB97: =AR97+AC97+X97+S97+N97+I97+D97+AM97+AH97+AW97 -> 6042 | BC97: =AS97+AD97+Y97+T97+O97+J97+E97+AN97+AI97+AX97 -> 70 | BD97: =AT97+AE97+Z97+U97+P97+K97+F97+AO97+AJ97+AY97 -> 21 | BE97: =BD97/BB97 -> 0.0034756703
A98: 333776 | B98: Hewlett Packard | C98: NOI/Escalation | D98: 4000 | E98: 246 | F98: 222 | G98: =F98/D98 -> 0.0555 | H98: =F98-E98 -> -24 | I98: 3805 | J98: 182 | K98: 130 | L98: =K98/I98 -> 0.034165572 | M98: =K98-J98 -> -52 | N98: 4000 | O98: 30 | P98: 30 | Q98: =P98/N98 -> 0.0075 | R98: =P98-O98 -> 0 | S98: 8990 | T98: 1193 | U98: 51 | V98: =U98/S98 -> 0.00567297 | W98: =U98-T98 -> -1142 | AA98: =Z98/X98 -> #DIV/0! | AB98: =Z98-Y98 -> 0 | AF98: =AE98/AC98 -> #DIV/0! | AG98: =AE98-AD98 -> 0 | AJ98: 2 | AK98: =AJ98/AH98 -> #DIV/0! | AM98: 2377 | AN98: 11 | AO98: 2 | AP98: =AO98/AM98 -> 0.00084139672 | AU98: =AT98/AR98 -> #DIV/0! | AV98: =AT98-AS98 -> 0 | AZ98: =AY98/AW98 -> #DIV/0! | BB98: =AR98+AC98+X98+S98+N98+I98+D98+AM98+AH98+AW98 -> 23172 | BC98: =AS98+AD98+Y98+T98+O98+J98+E98+AN98+AI98+AX98 -> 1662 | BD98: =AT98+AE98+Z98+U98+P98+K98+F98+AO98+AJ98+AY98 -> 437 | BE98: =BD98/BB98 -> 0.018858968
A99: 7031 | B99: Bronco | C99: NOI/Escalation | D99: 21 | E99: 21 | F99: 20 | G99: =F99/D99 -> 0.95238095 | H99: =F99-E99 -> -1 | I99: 2859 | J99: 147 | K99: 111 | L99: =K99/I99 -> 0.038824764 | M99: =K99-J99 -> -36 | N99: 4033 | O99: 20 | P99: 32 | Q99: =P99/N99 -> 0.00793454 | R99: =P99-O99 -> 12 | S99: 0 | T99: 0 | U99: 0 | V99: =U99/S99 -> #DIV/0! | W99: =U99-T99 -> 0 | AA99: =Z99/X99 -> #DIV/0! | AB99: =Z99-Y99 -> 0 | AF99: =AE99/AC99 -> #DIV/0! | AG99: =AE99-AD99 -> 0 | AK99: =AJ99/AH99 -> #DIV/0! | AM99: 17 | AN99: 17 | AO99: 54 | AP99: =AO99/AM99 -> 3.1764706 | AR99: 1 | AS99: 1 | AU99: =AT99/AR99 -> 0 | AV99: =AT99-AS99 -> -1 | AW99: 71 | AX99: 12 | AZ99: =AY99/AW99 -> 0 | BB99: =AR99+AC99+X99+S99+N99+I99+D99+AM99+AH99+AW99 -> 7002 | BC99: =AS99+AD99+Y99+T99+O99+J99+E99+AN99+AI99+AX99 -> 218 | BD99: =AT99+AE99+Z99+U99+P99+K99+F99+AO99+AJ99+AY99 -> 217 | BE99: =BD99/BB99 -> 0.030991145
A100: 338733 | B100: DSG | C100: NOI/Escalation | D100: 11700 | E100: 1049 | F100: 655 | G100: =F100/D100 -> 0.055982906 | H100: =F100-E100 -> -394 | I100: 463 | J100: 126 | K100: 463 | L100: =K100/I100 -> 1 | M100: =K100-J100 -> 337 | N100: 3999 | O100: 0 | P100: 0 | Q100: =P100/N100 -> 0 | R100: =P100-O100 -> 0 | S100: 334 | T100: 61 | U100: 61 | V100: =U100/S100 -> 0.18263473 | W100: =U100-T100 -> 0 | X100: 411 | Y100: 46 | Z100: 44 | AA100: =Z100/X100 -> 0.10705596 | AB100: =Z100-Y100 -> -2 | AF100: =AE100/AC100 -> #DIV/0! | AG100: =AE100-AD100 -> 0 | AK100: =AJ100/AH100 -> #DIV/0! | AP100: =AO100/AM100 -> #DIV/0! | AU100: =AT100/AR100 -> #DIV/0! | AV100: =AT100-AS100 -> 0 | AZ100: =AY100/AW100 -> #DIV/0! | BB100: =AR100+AC100+X100+S100+N100+I100+D100+AM100+AH100+AW100 -> 16907 | BC100: =AS100+AD100+Y100+T100+O100+J100+E100+AN100+AI100+AX100 -> 1282 | BD100: =AT100+AE100+Z100+U100+P100+K100+F100+AO100+AJ100+AY100 -> 1223 | BE100: =BD100/BB100 -> 0.072336902
A101: 338707 | B101: BEETLE | C101: NOI/Escalation | D101: 649 | E101: 37 | F101: 35 | G101: =F101/D101 -> 0.053929122 | H101: =F101-E101 -> -2 | I101: 0 | J101: 0 | K101: 0 | L101: 0 | M101: =K101-J101 -> 0 | N101: 3997 | O101: 3 | P101: 0 | Q101: =P101/N101 -> 0 | R101: =P101-O101 -> -3 | S101: 0 | T101: 0 | U101: 0 | V101: =U101/S101 -> #DIV/0! | W101: =U101-T101 -> 0 | AA101: =Z101/X101 -> #DIV/0! | AB101: =Z101-Y101 -> 0 | AF101: =AE101/AC101 -> #DIV/0! | AG101: =AE101-AD101 -> 0 | AK101: =AJ101/AH101 -> #DIV/0! | AP101: =AO101/AM101 -> #DIV/0! | AU101: =AT101/AR101 -> #DIV/0! | AV101: =AT101-AS101 -> 0 | AZ101: =AY101/AW101 -> #DIV/0! | BB101: =AR101+AC101+X101+S101+N101+I101+D101+AM101+AH101+AW101 -> 4646 | BC101: =AS101+AD101+Y101+T101+O101+J101+E101+AN101+AI101+AX101 -> 40 | BD101: =AT101+AE101+Z101+U101+P101+K101+F101+AO101+AJ101+AY101 -> 35 | BE101: =BD101/BB101 -> 0.007533362
A102: 469381 | B102: Dual shock | C102: NOI/Escalation | D102: 1272 | E102: 477 | F102: 0 | G102: =F102/D102 -> 0 | H102: =F102-E102 -> -477 | I102: 1004 | J102: 840 | K102: 99 | L102: =K102/I102 -> 0.098605578 | M102: =K102-J102 -> -741 | N102: 3981 | O102: 142 | P102: 24 | Q102: =P102/N102 -> 0.006028636 | R102: =P102-O102 -> -118 | S102: 7797 | T102: 1462 | U102: 132 | V102: =U102/S102 -> 0.016929588 | W102: =U102-T102 -> -1330 | X102: 6469 | Y102: 884 | Z102: 579 | AA102: =Z102/X102 -> 0.089503787 | AB102: =Z102-Y102 -> -305 | AC102: 8261 | AD102: 480 | AE102: 426 | AF102: =AE102/AC102 -> 0.051567607 | AG102: =AE102-AD102 -> -54 | AH102: 4 | AI102: 4 | AK102: =AJ102/AH102 -> 0 | AP102: =AO102/AM102 -> #DIV/0! | AR102: 4065 | AS102: 530 | AT102: 461 | AU102: =AT102/AR102 -> 0.11340713 | AV102: =AT102-AS102 -> -69 | AW102: 1581 | AX102: 0 | AZ102: =AY102/AW102 -> 0 | BB102: =AR102+AC102+X102+S102+N102+I102+D102+AM102+AH102+AW102 -> 34434 | BC102: =AS102+AD102+Y102+T102+O102+J102+E102+AN102+AI102+AX102 -> 4819 | BD102: =AT102+AE102+Z102+U102+P102+K102+F102+AO102+AJ102+AY102 -> 1721 | BE102: =BD102/BB102 -> 0.049979671
A103: 762793 | B103: N°5 | C103: NOI/Escalation | D103: 788 | E103: 5 | F103: 0 | G103: =F103/D103 -> 0 | H103: =F103-E103 -> -5 | I103: 3024 | J103: 65 | K103: 25 | L103: =K103/I103 -> 0.0082671958 | M103: =K103-J103 -> -40 | N103: 296 | O103: 11 | P103: 28 | Q103: =P103/N103 -> 0.094594595 | R103: =P103-O103 -> 17 | S103: 0 | T103: 0 | U103: 0 | V103: =U103/S103 -> #DIV/0! | W103: =U103-T103 -> 0 | X103: 3 | Y103: 3 | Z103: 3 | AA103: =Z103/X103 -> 1 | AB103: =Z103-Y103 -> 0 | AC103: 1 | AD103: 1 | AE103: 1 | AF103: =AE103/AC103 -> 1 | AG103: =AE103-AD103 -> 0 | AH103: 1 | AI103: 0 | AK103: =AJ103/AH103 -> 0 | AP103: =AO103/AM103 -> #DIV/0! | AU103: =AT103/AR103 -> #DIV/0! | AV103: =AT103-AS103 -> 0 | AZ103: =AY103/AW103 -> #DIV/0! | BB103: =AR103+AC103+X103+S103+N103+I103+D103+AM103+AH103+AW103 -> 4113 | BC103: =AS103+AD103+Y103+T103+O103+J103+E103+AN103+AI103+AX103 -> 85 | BD103: =AT103+AE103+Z103+U103+P103+K103+F103+AO103+AJ103+AY103 -> 57 | BE103: =BD103/BB103 -> 0.013858497
A104: 338734 | B104: GTI | C104: NOI/Escalation | D104: 86 | E104: 86 | F104: 62 | G104: =F104/D104 -> 0.72093023 | H104: =F104-E104 -> -24 | I104: 0 | J104: 0 | K104: 0 | L104: 0 | M104: =K104-J104 -> 0 | N104: 0 | O104: 0 | P104: 0 | Q104: =P104/N104 -> #DIV/0! | R104: =P104-O104 -> 0 | S104: 0 | T104: 0 | U104: 0 | V104: =U104/S104 -> #DIV/0! | W104: =U104-T104 -> 0 | AA104: =Z104/X104 -> #DIV/0! | AB104: =Z104-Y104 -> 0 | AF104: =AE104/AC104 -> #DIV/0! | AG104: =AE104-AD104 -> 0 | AK104: =AJ104/AH104 -> #DIV/0! | AP104: =AO104/AM104 -> #DIV/0! | AR104: 1968 | AS104: 220 | AT104: 147 | AU104: =AT104/AR104 -> 0.074695122 | AV104: =AT104-AS104 -> -73 | AZ104: =AY104/AW104 -> #DIV/0! | BB104: =AR104+AC104+X104+S104+N104+I104+D104+AM104+AH104+AW104 -> 2054 | BC104: =AS104+AD104+Y104+T104+O104+J104+E104+AN104+AI104+AX104 -> 306 | BD104: =AT104+AE104+Z104+U104+P104+K104+F104+AO104+AJ104+AY104 -> 209 | BE104: =BD104/BB104 -> 0.10175268
A105: 234857 | B105: Crocs | C105: NOI/Escalation | D105: 3986 | E105: 2162 | F105: 1937 | G105: =F105/D105 -> 0.48595083 | H105: =F105-E105 -> -225 | I105: 5848 | J105: 928 | K105: 319 | L105: =K105/I105 -> 0.054548564 | M105: =K105-J105 -> -609 | N105: 3621 | O105: 1647 | P105: 2094 | Q105: =P105/N105 -> 0.57829329 | R105: =P105-O105 -> 447 | S105: 12244 | T105: 5594 | U105: 5508 | V105: =U105/S105 -> 0.44985299 | W105: =U105-T105 -> -86 | X105: 13413 | Y105: 2742 | Z105: 1894 | AA105: =Z105/X105 -> 0.14120629 | AB105: =Z105-Y105 -> -848 | AC105: 14069 | AD105: 6574 | AE105: 6283 | AF105: =AE105/AC105 -> 0.44658469 | AG105: =AE105-AD105 -> -291 | AH105: 8975 | AI105: 7913 | AJ105: 6869 | AK105: =AJ105/AH105 -> 0.76534819 | AM105: 8000 | AN105: 767 | AO105: 209 | AP105: =AO105/AM105 -> 0.026125 | AR105: 19522 | AS105: 1790 | AT105: 1292 | AU105: =AT105/AR105 -> 0.066181744 | AV105: =AT105-AS105 -> -498 | AW105: 23313 | AX105: 14168 | AY105: 15563 | AZ105: =AY105/AW105 -> 0.66756745 | BB105: =AR105+AC105+X105+S105+N105+I105+D105+AM105+AH105+AW105 -> 112991 | BC105: =AS105+AD105+Y105+T105+O105+J105+E105+AN105+AI105+AX105 -> 44285 | BD105: =AT105+AE105+Z105+U105+P105+K105+F105+AO105+AJ105+AY105 -> 41968 | BE105: =BD105/BB105 -> 0.37142781
A106: 405727 | B106: LONGCHAMP | C106: NOI/Escalation | D106: 5334 | E106: 1683 | F106: 1908 | G106: =F106/D106 -> 0.35770529 | H106: =F106-E106 -> 225 | I106: 279 | J106: 279 | K106: 279 | L106: =K106/I106 -> 1 | M106: =K106-J106 -> 0 | N106: 4252 | O106: 512 | P106: 268 | Q106: =P106/N106 -> 0.063029163 | R106: =P106-O106 -> -244 | S106: 0 | T106: 0 | U106: 0 | V106: =U106/S106 -> #DIV/0! | W106: =U106-T106 -> 0 | X106: 1587 | Y106: 313 | Z106: 311 | AA106: =Z106/X106 -> 0.19596723 | AB106: =Z106-Y106 -> -2 | AC106: 3712 | AD106: 190 | AE106: 163 | AF106: =AE106/AC106 -> 0.043911638 | AG106: =AE106-AD106 -> -27 | AH106: 1985 | AI106: 24 | AJ106: 24 | AK106: =AJ106/AH106 -> 0.01209068 | AP106: =AO106/AM106 -> #DIV/0! | AR106: 18302 | AS106: 293 | AT106: 255 | AU106: =AT106/AR106 -> 0.013932904 | AV106: =AT106-AS106 -> -38 | AW106: 11425 | AX106: 264 | AY106: 217 | AZ106: =AY106/AW106 -> 0.018993435 | BB106: =AR106+AC106+X106+S106+N106+I106+D106+AM106+AH106+AW106 -> 46876 | BC106: =AS106+AD106+Y106+T106+O106+J106+E106+AN106+AI106+AX106 -> 3558 | BD106: =AT106+AE106+Z106+U106+P106+K106+F106+AO106+AJ106+AY106 -> 3425 | BE106: =BD106/BB106 -> 0.073065108
A107: 338739 | B107: GOLF | C107: NOI/Escalation | D107: 4696 | E107: 1637 | F107: 1637 | G107: =F107/D107 -> 0.34859455 | H107: =F107-E107 -> 0 | I107: 0 | J107: 0 | K107: 0 | L107: 0 | M107: =K107-J107 -> 0 | N107: 0 | O107: 0 | P107: 0 | Q107: =P107/N107 -> #DIV/0! | R107: =P107-O107 -> 0 | S107: 0 | T107: 0 | U107: 0 | V107: =U107/S107 -> #DIV/0! | W107: =U107-T107 -> 0 | AA107: =Z107/X107 -> #DIV/0! | AB107: =Z107-Y107 -> 0 | AF107: =AE107/AC107 -> #DIV/0! | AG107: =AE107-AD107 -> 0 | AK107: =AJ107/AH107 -> #DIV/0! | AP107: =AO107/AM107 -> #DIV/0! | AR107: 15 | AS107: 15 | AT107: 5 | AU107: =AT107/AR107 -> 0.33333333 | AV107: =AT107-AS107 -> -10 | AZ107: =AY107/AW107 -> #DIV/0! | BB107: =AR107+AC107+X107+S107+N107+I107+D107+AM107+AH107+AW107 -> 4711 | BC107: =AS107+AD107+Y107+T107+O107+J107+E107+AN107+AI107+AX107 -> 1652 | BD107: =AT107+AE107+Z107+U107+P107+K107+F107+AO107+AJ107+AY107 -> 1642 | BE107: =BD107/BB107 -> 0.34854596
...

Sheet Melo
A1: Brand ID | B1: Brand Name | C1: Manager | D1: Precision % | E1: Red Flags
A2: 326424 | B2: MagSafe | C2: Siddharth | D2: 0.4953575 | E2: 998
A3: 326425 | B3: Lightning | C3: Siddharth | D3: 0.31344226 | E3: 406
A4: 242269 | B4: Porsche | C4: Siddharth | D4: 0.029365997 | E4: 75
A5: 326696 | B5: MINI | C5: Siddharth | D5: 0.11161971 | E5: 0
A6: 373933 | B6: Sky | C6: NOI/Escalation | D6: 0.3258427
A7: 338729 | B7: KÄFER | C7: NOI/Escalation | D7: 0.18805283
A8: 586404 | B8: F-150 | C8: NOI/Escalation | D8: 0.066987952
A9: 110955 | B9: Apple | C9: Siddharth | D9: 0.22103749 | E9: 22149
A10: 213407 | B10: Chevrolet | C10: Siddharth | D10: 0.17851438 | E10: 3
A11: 553871 | B11: SWOOSH | C11: Siddharth | D11: 0.4379661 | E11: 360
A12: 338695 | B12: BULLI | C12: Siddharth | D12: 0.2802504 | E12: 57
A13: 326694 | B13: M | C13: Siddharth | D13: 0.45759643 | E13: 91
A14: 326429 | B14: Apple WATCH | C14: Siddharth | D14: 0.25080132 | E14: 5272
A15: 338748 | B15: VOLKSWAGEN | C15: Siddharth | D15: 0.028190722 | E15: 78
A16: 498419 | B16: JUMPMAN | C16: Siddharth | D16: 0.12139644 | E16: 36
A17: 239515 | B17: Mercedes-Benz | C17: Siddharth | D17: 0.44157187 | E17: 2
A18: 245805 | B18: AIR JORDAN | C18: Siddharth | D18: 0.11670625 | E18: 176
A19: 213405 | B19: Cadillac | C19: Siddharth | D19: 0.10249777 | E19: 1
A20: 382186 | B20: FORD | C20: Siddharth | D20: 0.080879076 | E20: 96
... A23: 220338 | B23: JEEP | C23: Siddharth | D23: 0.16364968 | E23: 69
A24: 364310 | B24: Skoda | C24: NOI/Escalation | D24: 0.1233193
A25: 422074 | B25: S LINE | C25: Siddharth | D25: 0.24423001 | E25: 0
A26: 553982 | B26: K I | C26: Siddharth | D26: 0.069218119 | E26: 0
A27: 338933 | B27: Xiaomi | C27: Siddharth | D27: 0.054237755 | E27: 85
A28: 327281 | B28: AirPods | C28: Siddharth | D28: 0.24730632 | E28: 1369
A29: 322632 | B29: BMW | C29: Siddharth | D29: 0.32684761 | E29: 655
A30: 404904 | B30: JUST DO IT | C30: Siddharth | D30: 0.13002639 | E30: 0
A31: 358973 | B31: AUDI | C31: Siddharth | D31: 0.34769181 | E31: 53
A32: 234394 | B32: NIKE | C32: Siddharth | D32: 0.11959043 | E32: 791
A33: 359121 | B33: Canon | C33: Siddharth | D33: 0.031890351 | E33: 377
A34: 235110 | B34: Van Cleef & Arpels | C34: Siddharth | D34: 0.07595372 | E34: 175
A35: 5520961 | B35: VW | C35: Siddharth | D35: 0.055810334 | E35: 0
A36: 407373 | B36: Office | C36: Siddharth | D36: 0.037415953 | E36: 0
... A62: 587965 | B62: Tiffany Blue | C62: Purnima | D62: 0.0023042085 | E62: 0
A63: 232415 | B63: ORAL-B | C63: NOI/Escalation | D63: 0.0029114312
A64: 195590 | B64: SONICARE | C64: Purnima | D64: 0.0068647372 | E64: 8
A65: 195649 | B65: AVENT | C65: NOI/Escalation | D65: 0.0034756703
A66: 333776 | B66: Hewlett Packard | C66: NOI/Escalation | D66: 0.020822313
A67: 471764 | B67: Dualshock (PS4) | C67: #N/A | D67: 0
A68: 207497 | B68: Swarovski | C68: Purnima | D68: 0.28075782 | E68: 147
A69: 7031 | B69: Bronco | C69: NOI/Escalation | D69: 0.023575354
A70: 338733 | B70: DSG | C70: NOI/Escalation | D70: 0.072336902
A71: 338707 | B71: BEETLE | C71: NOI/Escalation | D71: 0.007533362
A72: 469381 | B72: Dual shock | C72: NOI/Escalation | D72: 0.052391245
A73: 762793 | B73: N°5 | C73: NOI/Escalation | D73: 0.013861868
A74: 380173 | B74: Celine | C74: Purnima | D74: 0.058637018 | E74: 0
A75: 179013 | B75: Marc Jacobs | C75: Purnima | D75: 0.025010346 | E75: 0
A76: 681443 | B76: LOEWE | C76: Purnima | D76: 0.012622868 | E76: 0
A77: 338734 | B77: GTI | C77: NOI/Escalation | D77: 0.10175268
A78: 234857 | B78: Crocs | C78: NOI/Escalation | D78: 0.26583497
A79: 405727 | B79: LONGCHAMP | C79: NOI/Escalation | D79: 0.095141337
A80: 338739 | B80: GOLF | C80: NOI/Escalation | D80: 0.34854596
A81: 200355 | B81: HONDA | C81: NOI/Escalation | D81: 0.55029085
A82: 487757 | B82: FENDI | C82: Purnima | D82: 0.0052312199 | E82: 0
A83: 246265 | B83: VANS | C83: NOI/Escalation | D83: 0.32188325
A84: 495682 | B84: GG | C84: NOI/Escalation | D84: 0.12916822
A85: 553948 | B85: MERCURIAL SUPERFLY | C85: NOI/Escalation | D85: 0.10193709
A86: 359300 | B86: Dior | C86: Purnima | D86: 0.053559289 | E86: 1
A87: 427346 | B87: MICHAEL KORS | C87: NOI/Escalation | D87: 0.031958858
A88: 528992 | B88: Jibbitz | C88: NOI/Escalation | D88: 0.0096478635
A89: 395321 | B89: EarPods | C89: NOI/Escalation | D89: 0.061222159
A90: 422027 | B90: VAG | C90: NOI/Escalation | D90: 0.060015004
A91: 523737 | B91: LEBRON | C91: NOI/Escalation | D91: 0.140625
A92: 587210 | B92: MUSTANG | C92: NOI/Escalation | D92: 0.28947368
A93: 587216 | B93: RAPTOR | C93: NOI/Escalation | D93: 0.0083817506
A94: 423761 | B94: Maserati | C94: NOI/Escalation | D94: 0.99994342
A95: 681924 | B95: AUTOCOM | C95: NOI/Escalation | D95: 0
A96: 404848 | B96: Carolina Herrera | C96: NOI/Escalation | D96: 1
A97: 197955 | B97: NEW BALANCE | C97: NOI/Escalation | D97: 0
A98: 232763 | B98: Tommy Hilfiger | C98: NOI/Escalation | D98: 0.087405542
... A109: 553889 | B109: NIKE AIR VAPORMAX | C109: Siddharth | D109: 0.0016205421

Sheet Sids span
A1: Parent Brand | B1: Brand ID | C1: Brand Name | D1: Manager | E1: Precision % | F1: Red Flags | G1: suffle | H1: total brands | I1: 12 | J1: post 30th Nov Sids span
A2: APPLE | B2: 326424 | C2: MagSafe | D2: Siddharth | E2: 0.4953575 | F2: 998 | H2: High Priority | I2: 5
A3: APPLE | B3: 326433 | C3: iPhone | D3: Siddharth | E3: 0.34894437 | F3: 0 | H3: Medium Priority | I3: 3
A4: APPLE | B4: 326425 | C4: Lightning | D4: Siddharth | E4: 0.31344226 | F4: 406 | H4: Low Priority | I4: 4
A5: APPLE | B5: 326429 | C5: Apple WATCH | D5: Siddharth | E5: 0.25080132 | F5: 5272
A6: APPLE | B6: 327281 | C6: AirPods | D6: Siddharth | E6: 0.24730632 | F6: 1369
A7: APPLE | B7: 110955 | C7: Apple | D7: Siddharth | E7: 0.22103749 | F7: 22149
A8: AUDI | B8: 358973 | C8: AUDI | D8: Siddharth | E8: 0.34769181 | F8: 53
A9: AUDI | B9: 422074 | C9: S LINE | D9: Siddharth | E9: 0.24423001 | F9: 0
A10: BMW | B10: 326694 | C10: M | D10: Siddharth | E10: 0.45759643 | F10: 91
A11: BMW | B11: 322632 | C11: BMW | D11: Siddharth | E11: 0.32684761 | F11: 655
A12: BMW | B12: 326696 | C12: MINI | D12: Siddharth | E12: 0.11161971 | F12: 0
A13: Canon | B13: 359121 | C13: Canon | D13: Siddharth | E13: 0.031890351 | F13: 377 | G13: Ben
A14: DAIMLER AG | B14: 239515 | C14: Mercedes-Benz | D14: Siddharth | E14: 0.44157187 | F14: 2 | G14: Ben
A15: FIAT | B15: 220338 | C15: JEEP | D15: Siddharth | E15: 0.16364968 | F15: 69 | G15: Ben
A16: Ford | B16: 382186 | C16: FORD | D16: Siddharth | E16: 0.080879076 | F16: 96 | G16: Ben
A17: General Motors | B17: 213407 | C17: Chevrolet | D17: Siddharth | E17: 0.17851438 | F17: 3 | G17: Ben
A18: General Motors | B18: 213405 | C18: Cadillac | D18: Siddharth | E18: 0.10249777 | F18: 1 | G18: Ben
A19: MICROSOFT | B19: 407373 | C19: Office | D19: Siddharth | E19: 0.037415953 | F19: 0 | G19: Ben
A20: MICROSOFT | B20: 42439 | C20: MICROSOFT | D20: Siddharth | E20: 0.002117971 | F20: 230 | G20: Ben
A21: Nike | B21: 553871 | C21: SWOOSH | D21: Siddharth | E21: 0.4379661 | F21: 360
A22: Nike | B22: 553886 | C22: MERCURIAL | D22: Siddharth | E22: 0.24447255
A23: Nike | B23: 69913 | C23: AIR | D23: Siddharth | E23: 0.16048416
A24: Nike | B24: 404904 | C24: JUST DO IT | D24: Siddharth | E24: 0.13002639 | F24: 0
A25: Nike | B25: 498419 | C25: JUMPMAN | D25: Siddharth | E25: 0.12139644 | F25: 36
A26: Nike | B26: 234394 | C26: NIKE | D26: Siddharth | E26: 0.11959043 | F26: 791
A27: Nike | B27: 245805 | C27: AIR JORDAN | D27: Siddharth | E27: 0.11670625 | F27: 176
A28: Nike | B28: 553982 | C28: K I | D28: Siddharth | E28: 0.069218119 | F28: 0
A29: Nike | B29: 98972 | C29: DUNK | D29: Siddharth | E29: 0.03045648
A30: Nike | B30: 553883 | C30: AIR MAX | D30: Siddharth | E30: 0.017052921
A31: Nike | B31: 553949 | C31: AIR FORCE 1 | D31: Siddharth | E31: 0.0048601399
A32: Nike | B32: 553889 | C32: NIKE AIR VAPORMAX | D32: Siddharth | E32: 0.0016205421
A33: Nike | B33: 553874 | C33: NIKE AIR | D33: Siddharth | E33: 0.00019044717
A34: Nike | B34: 553970 | C34: AIR FLIGHT | D34: Siddharth | E34: 0.00010268522
A35: Nike | B35: 553946 | C35: AIR FORCE I | D35: Siddharth | E35: 0
A36: Porsche | B36: 242269 | C36: Porsche | D36: Siddharth | E36: 0.029365997 | F36: 75 | G36: Ben
A37: Richemont | B37: 235110 | C37: Van Cleef & Arpels | D37: Siddharth | E37: 0.07595372 | F37: 175 | G37: Ben
A38: Richemont | B38: 233930 | C38: CARTIER | D38: Siddharth | E38: 0.040092113 | F38: 65 | G38: Ben
A39: VOLKSWAGEN | B39: 338695 | C39: BULLI | D39: Siddharth | E39: 0.2802504 | F39: 57
A40: VOLKSWAGEN | B40: 5520961 | C40: VW | D40: Siddharth | E40: 0.055810334 | F40: 0
A41: VOLKSWAGEN | B41: 338748 | C41: VOLKSWAGEN | D41: Siddharth | E41: 0.028190722 | F41: 78
A42: Xiaomi | B42: 338933 | C42: Xiaomi | D42: Siddharth | E42: 0.054237755 | F42: 85 | G42: Ben

Sheet MoM Manager Wise
A1: Manager | B1: Jan'25 | E1: Feb'25 | H1: Mar'25 | K1: Apr'25 | N1: May'25 | Q1: Jun'25 | T1: Jul'25 | W1: Aug'25 | Z1: Sep'25 | AC1: Oct'25 | AF1: Overall
A2: Manager | B2: Total Audit Count | C2: Suppression Count | D2: Precision % | E2: Total Audit Count | F2: Suppression Count | G2: Precision % | H2: Total Audit Count | I2: Suppression Count | J2: Precision % | K2: Total Audit Count | L2: Suppression Count | M2: Precision % | N2: Total Audit Count | O2: Suppression Count | P2: Precision % | Q2: Total Audit Count | R2: Suppression Count | S2: Precision % | T2: Total Audit Count | U2: Suppression Count | V2: Precision % | W2: Total Audit Count | X2: Suppression Count | Y2: Precision % | Z2: Total Audit Count | AA2: Suppression Count | AB2: Precision % | AC2: Total Audit Count | AD2: Suppression Count | AE2: Precision % | AF2: Total Audit Count | AG2: Suppression Count | AH2: Precision %
A3: NOI/Escalation | B3: =SUM('MoM Brand Wise'!D92:D125) -> 110271 | C3: =SUM('MoM Brand Wise'!F92:F125) -> 13950 | D3: =C3/B3 -> 0.12650652 | E3: =SUM('MoM Brand Wise'!I92:I125) -> 100397 | F3: =SUM('MoM Brand Wise'!K92:K125) -> 18361 | G3: =F3/E3 -> 0.18288395 | H3: =SUM('MoM Brand Wise'!N92:N125) -> 102654 | I3: =SUM('MoM Brand Wise'!P92:P125) -> 27057 | J3: =I3/H3 -> 0.26357473 | K3: =SUM('MoM Brand Wise'!S92:S125) -> 113396 | L3: =SUM('MoM Brand Wise'!U92:U125) -> 27062 | M3: =L3/K3 -> 0.23865039 | N3: =SUM('MoM Brand Wise'!X92:X125) -> 71348 | O3: =SUM('MoM Brand Wise'!Z92:Z125) -> 35363 | P3: =O3/N3 -> 0.49564108 | Q3: =SUM('MoM Brand Wise'!AC92:AC125) -> 78196 | R3: =SUM('MoM Brand Wise'!AE92:AE125) -> 18251 | S3: =R3/Q3 -> 0.23340069 | T3: =SUM('MoM Brand Wise'!AH92:AH125) -> 110296 | U3: =SUM('MoM Brand Wise'!AJ92:AJ125) -> 32712 | V3: =U3/T3 -> 0.29658374 | W3: =SUM('MoM Brand Wise'!AM92:AM125) -> 128624 | X3: =SUM('MoM Brand Wise'!AO92:AO125) -> 10250 | Y3: =X3/W3 -> 0.079689638 | Z3: =SUM('MoM Brand Wise'!AR92:AR125) -> 106822 | AA3: =SUM('MoM Brand Wise'!AT92:AT125) -> 24947 | AB3: =AA3/Z3 -> 0.23353804 | AC3: =SUM('MoM Brand Wise'!AW92:AW125) -> 112642 | AD3: =SUM('MoM Brand Wise'!AY92:AY125) -> 37166 | AE3: =AD3/AC3 -> 0.32994798 | AF3: =AC3+Z3+T3+Q3+N3+K3+H3+E3+B3+W3 -> 1034646 | AG3: =AD3+AA3+U3+R3+O3+L3+I3+F3+C3+X3 -> 245119 | AH3: =AG3/AF3 -> 0.23691098
A4: Purnima | B4: =SUM('MoM Brand Wise'!D45:D91) -> 562205 | C4: =SUM('MoM Brand Wise'!F45:F91) -> 116999 | D4: =C4/B4 -> 0.20810736 | E4: =SUM('MoM Brand Wise'!I45:I91) -> 495256 | F4: =SUM('MoM Brand Wise'!K45:K91) -> 112892 | G4: =F4/E4 -> 0.22794676 | H4: =SUM('MoM Brand Wise'!N45:N91) -> 442944 | I4: =SUM('MoM Brand Wise'!P45:P91) -> 88344 | J4: =I4/H4 -> 0.19944733 | K4: =SUM('MoM Brand Wise'!S45:S91) -> 533469 | L4: =SUM('MoM Brand Wise'!U45:U91) -> 92535 | M4: =L4/K4 -> 0.173459 | N4: =SUM('MoM Brand Wise'!X45:X91) -> 474960 | O4: =SUM('MoM Brand Wise'!Z45:Z91) -> 122301 | P4: =O4/N4 -> 0.25749747 | Q4: =SUM('MoM Brand Wise'!AC45:AC91) -> 486092 | R4: =SUM('MoM Brand Wise'!AE45:AE91) -> 155743 | S4: =R4/Q4 -> 0.3203982 | T4: =SUM('MoM Brand Wise'!AH45:AH91) -> 407981 | U4: =SUM('MoM Brand Wise'!AJ45:AJ91) -> 42577 | V4: =U4/T4 -> 0.10436025 | W4: =SUM('MoM Brand Wise'!AM45:AM91) -> 922215 | X4: =SUM('MoM Brand Wise'!AO45:AO91) -> 62079 | Y4: =X4/W4 -> 0.067315105 | Z4: =SUM('MoM Brand Wise'!AR45:AR91) -> 1666659 | AA4: =SUM('MoM Brand Wise'!AT45:AT91) -> 108435 | AB4: =AA4/Z4 -> 0.065061299 | AC4: =SUM('MoM Brand Wise'!AW45:AW91) -> 1269718 | AD4: =SUM('MoM Brand Wise'!AY45:AY91) -> 128930 | AE4: =AD4/AC4 -> 0.10154223 | AF4: =AC4+Z4+T4+Q4+N4+K4+H4+E4+B4+W4 -> 7261499 | AG4: =AD4+AA4+U4+R4+O4+L4+I4+F4+C4+X4 -> 1030835 | AH4: =AG4/AF4 -> 0.14195898
A5: Siddharth | B5: =SUM('MoM Brand Wise'!D3:D44) -> 773310 | C5: =SUM('MoM Brand Wise'!F3:F44) -> 215823 | D5: =C5/B5 -> 0.27908989 | E5: =SUM('MoM Brand Wise'!I3:I44) -> 713628 | F5: =SUM('MoM Brand Wise'!K3:K44) -> 126655 | G5: =F5/E5 -> 0.17748042 | H5: =SUM('MoM Brand Wise'!N3:N44) -> 876043 | I5: =SUM('MoM Brand Wise'!P3:P44) -> 445320 | J5: =I5/H5 -> 0.50833121 | K5: =SUM('MoM Brand Wise'!S3:S44) -> 777659 | L5: =SUM('MoM Brand Wise'!U3:U44) -> 175815 | M5: =L5/K5 -> 0.22608238 | N5: =SUM('MoM Brand Wise'!X3:X44) -> 718917 | O5: =SUM('MoM Brand Wise'!Z3:Z44) -> 145168 | P5: =O5/N5 -> 0.20192595 | Q5: =SUM('MoM Brand Wise'!AC3:AC44) -> 607394 | R5: =SUM('MoM Brand Wise'!AE3:AE44) -> 116355 | S5: =R5/Q5 -> 0.19156429 | T5: =SUM('MoM Brand Wise'!AH3:AH44) -> 1301487 | U5: =SUM('MoM Brand Wise'!AJ3:AJ44) -> 244340 | V5: =U5/T5 -> 0.1877391 | W5: =SUM('MoM Brand Wise'!AM3:AM44) -> 2140868 | X5: =SUM('MoM Brand Wise'!AO3:AO44) -> 542467 | Y5: =X5/W5 -> 0.25338648 | Z5: =SUM('MoM Brand Wise'!AR3:AR44) -> 1398343 | AA5: =SUM('MoM Brand Wise'!AT3:AT44) -> 335580 | AB5: =AA5/Z5 -> 0.23998404 | AC5: =SUM('MoM Brand Wise'!AW3:AW44) -> 1169462 | AD5: =SUM('MoM Brand Wise'!AY3:AY44) -> 280906 | AE5: =AD5/AC5 -> 0.24020105 | AF5: =AC5+Z5+T5+Q5+N5+K5+H5+E5+B5+W5 -> 10477111 | AG5: =AD5+AA5+U5+R5+O5+L5+I5+F5+C5+X5 -> 2628429 | AH5: =AG5/AF5 -> 0.25087345
A6: Grand Total | B6: =SUM(B3:B5) -> 1445786 | C6: =SUM(C3:C5) -> 346772 | D6: =C6/B6 -> 0.23985016 | E6: =SUM(E3:E5) -> 1309281 | F6: =SUM(F3:F5) -> 257908 | G6: =F6/E6 -> 0.19698445 | H6: =SUM(H3:H5) -> 1421641 | I6: =SUM(I3:I5) -> 560721 | J6: =I6/H6 -> 0.39441814 | K6: =SUM(K3:K5) -> 1424524 | L6: =SUM(L3:L5) -> 295412 | M6: =L6/K6 -> 0.20737594 | N6: =SUM(N3:N5) -> 1265225 | O6: =SUM(O3:O5) -> 302832 | P6: =O6/N6 -> 0.23935031 | Q6: =SUM(Q3:Q5) -> 1171682 | R6: =SUM(R3:R5) -> 290349 | S6: =R6/Q6 -> 0.24780529 | T6: =SUM(T3:T5) -> 1819764 | U6: =SUM(U3:U5) -> 319629 | V6: =U6/T6 -> 0.17564311 | W6: =SUM(W3:W5) -> 3191707 | X6: =SUM(X3:X5) -> 614796 | Y6: =X6/W6 -> 0.19262294 | Z6: =SUM(Z3:Z5) -> 3171824 | AA6: =SUM(AA3:AA5) -> 468962 | AB6: =AA6/Z6 -> 0.14785247 | AC6: =SUM(AC3:AC5) -> 2551822 | AD6: =SUM(AD3:AD5) -> 447002 | AE6: =AD6/AC6 -> 0.17516974 | AF6: =SUM(AF3:AF5) -> 18773256 | AG6: =SUM(AG3:AG5) -> 3904383 | AH6: =AG6/AF6 -> 0.2079758

Sheet Melo Automated
A1: protected_brand_id | B1: protected_brand_name | C1: Jan | D1: Feb | E1: Mar | F1: Apr | G1: May | H1: Jun | I1: Jul | J1: Aug | K1: Sep | L1: Oct | M1: Nov | N1: Grand Total
A2: 198664 | B2: adidas | C2: 314517 | D2: 16712 | E2: 33603 | F2: 33006 | G2: 20704 | H2: 31354 | I2: 46830 | J2: 55137 | K2: 53942 | L2: 389946 | M2: 17122 | N2: 1012873
A3: 326433 | B3: iPhone | C3: 193238 | D3: 576800 | E3: 309961 | F3: 188209 | G3: 304080 | H3: 276681 | I3: 898126 | J3: 6358633 | K3: 1941009 | L3: 428058 | M3: 224562 | N3: 11699357
A4: 326424 | B4: MagSafe | C4: 108721 | D4: 27860 | E4: 88074 | F4: 85103 | G4: 102464 | H4: 51961 | I4: 133689 | J4: 59173 | K4: 308307 | L4: 92160 | M4: 64389 | N4: 1121901
A5: 110955 | B5: Apple | C5: 79313 | D5: 364431 | E5: 286821 | F5: 42014 | G5: 5338 | H5: 5185 | I5: 6100 | J5: 12032 | K5: 10363 | L5: 9892 | M5: 12589 | N5: 834078
A6: 239515 | B6: Mercedes Benz | C6: 34019 | D6: 25770 | E6: 45145 | F6: 43797 | G6: 20870 | H6: 85427 | I6: 37701 | J6: 47939 | K6: 41483 | L6: 40905 | M6: 32444 | N6: 455500
A7: 196635 | B7: The North face | C7: 31944 | D7: 12544 | E7: 7191 | F7: 7144 | G7: 1745 | H7: 2885 | I7: 4556 | J7: 3728 | K7: 4021 | L7: 62184 | M7: 5451 | N7: 143393
A8: 386197 | B8: Moncler | C8: 29508 | D8: 1008 | E8: 2703 | F8: 160 | G8: 105 | H8: 1024 | I8: 5385 | J8: 2458 | K8: 3268 | L8: 10035 | M8: 747 | N8: 56401
A9: 469031 | B9: Toyota | C9: 29094 | D9: 113136 | E9: 46943 | F9: 86998 | G9: 38220 | H9: 37001 | I9: 45828 | J9: 62362 | K9: 61192 | L9: 57466 | M9: 32463 | N9: 610703
A10: 322632 | B10: BMW | C10: 28315 | D10: 124551 | E10: 116482 | F10: 65950 | G10: 32442 | H10: 45258 | I10: 42485 | J10: 101265 | K10: 154025 | L10: 78034 | M10: 38644 | N10: 827451
A11: 213407 | B11: Chevrolet | C11: 25785 | D11: 22256 | E11: 68425 | F11: 49304 | G11: 84779 | H11: 21309 | I11: 29374 | J11: 45677 | K11: 42814 | L11: 43129 | M11: 29335 | N11: 462187
A12: 232762 | B12: Calvin Klein | C12: 19012 | D12: 7501 | E12: 10967 | F12: 12600 | G12: 4441 | H12: 5804 | I12: 7748 | J12: 4182 | K12: 2116 | L12: 4807 | M12: 1740 | N12: 80918
A13: 440088 | B13: NISSAN | C13: 13941 | D13: 47440 | E13: 16157 | F13: 33499 | G13: 15167 | H13: 15030 | I13: 30567 | J13: 33173 | K13: 32698 | L13: 21891 | M13: 23680 | N13: 283243
... A158: 195649 | B158: AVENT | C158: 78 | D158: 2909 | E158: 582 | F158: 266 | G158: 127 | H158: 98 | I158: 175 | J158: 176 | K158: 130 | L158: 236 | M158: 169 | N158: 4946
A159: 443390 | B159: 日産 | C159: 77 | D159: 328 | E159: 142 | F159: 124 | G159: 99 | H159: 45 | I159: 46 | J159: 443 | K159: 213 | L159: 11 | N159: 1528
A160: 338723 | B160: EOS | C160: 74 | D160: 71 | E160: 147 | F160: 112 | G160: 79 | H160: 86 | I160: 72 | J160: 83 | K160: 139 | L160: 85 | M160: 78 | N160: 1026
A161: 553954 | B161: FLYEASE | C161: 60 | D161: 4 | E161: 1 | F161: 7 | G161: 2 | H161: 3 | I161: 5 | J161: 8 | K161: 13 | L161: 34 | M161: 1 | N161: 138
A162: 413233 | B162: INVICTUS | C162: 59 | D162: 71 | E162: 196 | F162: 122 | G162: 214 | H162: 103 | I162: 173 | J162: 204 | K162: 262 | L162: 159 | M162: 127 | N162: 1690
A163: 338730 | B163: LAVIDA | C163: 59 | D163: 42 | E163: 87 | F163: 30 | G163: 17 | H163: 74 | I163: 44 | J163: 97 | K163: 31 | L163: 33 | M163: 25 | N163: 539
A164: 338683 | B164: PHAETON | C164: 54 | D164: 76 | E164: 71 | F164: 61 | G164: 33 | H164: 39 | I164: 20 | J164: 39 | K164: 57 | L164: 20 | M164: 31 | N164: 501
A165: 681443 | B165: LOEWE | C165: 51 | D165: 2911 | E165: 6415 | F165: 4887 | G165: 2541 | H165: 1972 | I165: 1135 | J165: 1093 | K165: 630 | L165: 1601 | M165: 1437 | N165: 24673
A166: 501960 | B166: Infiniti | C166: 51 | D166: 30 | E166: 84 | F166: 28 | G166: 35 | H166: 59 | I166: 55 | J166: 38 | K166: 203 | L166: 40 | M166: 58 | N166: 681
A167: 445325 | B167: RAM | C167: 49 | D167: 46 | E167: 23 | F167: 15 | G167: 409 | H167: 14 | I167: 4 | J167: 30 | K167: 113 | L167: 84 | M167: 42 | N167: 829
A168: 338739 | B168: Golf | C168: 46 | E168: 1 | F168: 4 | J168: 17 | K168: 1 | L168: 2 | N168: 71
A169: 508848 | B169: Rf | C169: 39 | D169: 39 | E169: 66 | F169: 189 | G169: 1302 | H169: 255 | I169: 1569 | J169: 72 | K169: 162 | L169: 736 | M169: 21 | N169: 4450
A170: 553900 | B170: ACG | C170: 39 | D170: 38 | E170: 84 | F170: 148 | G170: 27 | H170: 76 | I170: 519 | J170: 350 | K170: 614 | L170: 348 | M170: 12 | N170: 2255
A171: 360712 | B171: paco rabanne | C171: 39 | D171: 35 | E171: 123 | F171: 55 | G171: 29 | H171: 25 | I171: 46 | J171: 405 | K171: 780 | L171: 348 | M171: 54 | N171: 1939
A172: 487757 | B172: FENDI | C172: 38 | D172: 177 | E172: 340 | F172: 786 | G172: 252 | H172: 219 | I172: 291 | J172: 999 | K172: 2718 | L172: 1421 | M172: 5107 | N172: 12348
A173: 438481 | B173: LOUBOUTIN | C173: 33 | D173: 6 | E173: 29 | F173: 210 | G173: 2 | H173: 1 | J173: 1 | K173: 2 | L173: 3 | N173: 287
A174: 326700 | B174: BMW MOTORSPORT | C174: 32 | D174: 6 | E174: 14 | F174: 33 | G174: 13 | H174: 2 | I174: 95 | J174: 4729 | K174: 312 | L174: 127 | M174: 98 | N174: 5461
A175: 326712 | B175: B M W | C175: 30 | D175: 23 | E175: 22 | F175: 40 | G175: 70 | H175: 53 | I175: 11 | J175: 21 | K175: 34 | L175: 32 | M175: 2 | N175: 338
A176: 338744 | B176: Syncro | C176: 29 | D176: 32 | E176: 97 | F176: 282 | G176: 134 | H176: 38 | I176: 85 | J176: 105 | K176: 41 | L176: 50 | M176: 11 | N176: 904
A177: 338700 | B177: COCCINELLE | C177: 29 | D177: 16 | E177: 58 | F177: 69 | G177: 16 | H177: 41 | I177: 27 | J177: 47 | K177: 80 | L177: 63 | M177: 11 | N177: 457
A178: 1222406 | B178: F-350 | C178: 27 | D178: 34 | E178: 52 | F178: 55 | G178: 27 | H178: 37 | I178: 81 | J178: 146 | K178: 135 | L178: 48 | M178: 18 | N178: 660
A179: 338713 | B179: CADDY | C179: 27 | D179: 11 | E179: 27 | F179: 96 | G179: 27 | H179: 43 | I179: 47 | J179: 135 | K179: 68 | L179: 106 | M179: 45 | N179: 632
A180: 413238 | B180: 1 MILLION | C180: 25 | D180: 57 | E180: 57 | F180: 69 | G180: 50 | H180: 45 | I180: 102 | J180: 18 | K180: 22 | L180: 6 | M180: 15 | N180: 466
A181: 338726 | B181: TSI | C181: 23 | D181: 35 | E181: 64 | F181: 123 | G181: 277 | H181: 162 | I181: 69 | J181: 171 | K181: 125 | L181: 89 | M181: 309 | N181: 1447
A182: 407373 | B182: Office | C182: 23 | D182: 134 | E182: 202 | F182: 169 | G182: 105 | H182: 78 | I182: 40 | J182: 158 | K182: 83 | L182: 56 | M182: 76 | N182: 1124
A183: 404904 | B183: Just Do It | C183: 22 | D183: 25 | E183: 530 | F183: 368 | G183: 182 | H183: 37 | I183: 258 | J183: 247 | K183: 192 | L183: 144 | M183: 89 | N183: 2094
A184: 338703 | B184: R | C184: 21 | D184: 250 | E184: 339 | F184: 150 | G184: 30 | H184: 51 | I184: 33 | J184: 110 | K184: 44 | L184: 14 | M184: 14 | N184: 1056
A185: 244693 | B185: BMW Motorrad | C185: 15 | D185: 52 | E185: 30 | F185: 88 | G185: 42 | H185: 116 | I185: 69 | J185: 217 | K185: 176 | L185: 85 | M185: 6 | N185: 896
... A187: 326702 | B187: BMW GROUP | C187: 12 | D187: 457 | E187: 157 | F187: 12 | G187: 18 | H187: 11 | I187: 76 | J187: 15 | K187: 11 | L187: 20 | M187: 2 | N187: 791
A188: 8483 | B188: FLIGHT | C188: 10 | D188: 57 | E188: 389 | F188: 103 | G188: 52 | H188: 2 | I188: 1 | J188: 1 | L188: 6 | M188: 1 | N188: 622
A189: 553884 | B189: TIEMPO | C189: 9 | G189: 53 | H189: 48 | I189: 76 | J189: 2 | K189: 56 | L189: 12 | M189: 1 | N189: 257
A190: 441156 | B190: HERMÈS PARIS | C190: 8 | D190: 146 | E190: 484 | F190: 1154 | G190: 572 | H190: 180 | I190: 82 | J190: 32 | K190: 43 | L190: 69 | M190: 27 | N190: 2797
A191: 433600 | B191: LINCOLN | C191: 8 | D191: 189 | E191: 472 | F191: 121 | G191: 136 | H191: 169 | I191: 129 | J191: 57 | K191: 64 | L191: 93 | M191: 37 | N191: 1475
A192: 553886 | B192: MERCURIAL | C192: 7 | E192: 1 | F192: 6 | G192: 41 | H192: 24 | I192: 254 | J192: 669 | K192: 2867 | L192: 4297 | M192: 525 | N192: 8691
A193: 553897 | B193: TAILWIND | C193: 6 | E193: 1 | H193: 1 | I193: 46 | J193: 12 | K193: 8 | L193: 10 | M193: 1 | N193: 85
A194: 471725 | B194: Salvatore Ferragamo | C194: 5 | D194: 16 | E194: 10 | F194: 14 | G194: 17 | H194: 16 | I194: 18 | J194: 61 | K194: 1074 | L194: 1749 | M194: 4541 | N194: 7521
A195: 245807 | B195: Nike Golf | C195: 5 | D195: 25 | E195: 46 | F195: 38 | G195: 10 | H195: 40 | I195: 48 | J195: 41 | K195: 304 | L195: 91 | M195: 258 | N195: 906
A196: 688751 | B196: SERPENTI | C196: 4 | D196: 4 | E196: 55 | F196: 5 | H196: 2 | J196: 34 | K196: 242 | L196: 47 | N196: 393
A197: 632108 | B197: INPA | C197: 4 | D197: 2 | E197: 6 | F197: 11 | G197: 5 | H197: 21 | I197: 5 | J197: 9 | K197: 1 | L197: 58 | M197: 10 | N197: 132
A198: 632111 | B198: E-SYS | C198: 4 | D198: 1 | E198: 18 | F198: 12 | G198: 1 | H198: 2 | I198: 4 | J198: 13 | K198: 5 | L198: 5 | M198: 3 | N198: 68
A199: 338707 | B199: Beetle | C199: 3 | J199: 3 | K199: 25 | L199: 224 | N199: 255
A200: 615240 | B200: Berluti | C200: 3 | D200: 2 | E200: 11 | F200: 6 | G200: 12 | I200: 5 | J200: 8 | K200: 2 | L200: 3 | M200: 15 | N200: 67
A201: 553885 | B201: HYPERVENOM | C201: 3 | E201: 5 | F201: 5 | G201: 8 | H201: 1 | I201: 15 | J201: 4 | K201: 1 | L201: 3 | M201: 10 | N201: 55
A202: 553872 | B202: NIKE VAPOR | C202: 2 | F202: 1 | G202: 2 | I202: 45 | J202: 129 | K202: 115 | L202: 665 | M202: 121 | N202: 1080
A203: 553904 | B203: METCON | C203: 2 | D203: 5 | E203: 5 | F203: 1 | I203: 325 | J203: 4 | K203: 2 | L203: 37 | M203: 51 | N203: 432
A204: 496759 | B204: Rheingold | C204: 2 | E204: 13 | F204: 5 | G204: 1 | H204: 2 | J204: 1 | K204: 11 | L204: 9 | M204: 4 | N204: 48
A205: 762793 | B205: No 5 | C205: 2 | D205: 2 | E205: 13 | G205: 1 | H205: 5 | J205: 1 | K205: 8 | M205: 1 | N205: 33
A206: 426094 | B206: Twilly D'hermes | C206: 2 | D206: 2 | E206: 2 | G206: 1 | J206: 1 | K206: 2 | L206: 14 | N206: 24
A207: 553874 | B207: NIKE AIR | C207: 1 | D207: 5 | E207: 19 | F207: 24 | G207: 2 | H207: 22 | I207: 664 | J207: 2179 | K207: 12793 | L207: 9885 | M207: 317 | N207: 25911
A208: 553982 | B208: K I | C208: 1 | E208: 121 | F208: 178 | G208: 181 | H208: 57 | I208: 30 | J208: 10 | K208: 4 | L208: 53 | M208: 136 | N208: 771
A209: 553877 | B209: LUNARLON | C209: 1 | F209: 8 | G209: 23 | H209: 3 | I209: 25 | J209: 25 | K209: 105 | L209: 7 | M209: 14 | N209: 211
A210: 553870 | B210: STORM-FIT | C210: 1 | E210: 1 | F210: 2 | G210: 1 | I210: 1 | J210: 14 | K210: 63 | L210: 75 | M210: 3 | N210: 161
A211: 586858 | B211: SYNC | C211: 1 | D211: 2 | E211: 18 | F211: 3 | G211: 5 | H211: 35 | I211: 21 | J211: 32 | K211: 1 | L211: 14 | M211: 12 | N211: 144
A212: 681924 | B212: autocom | C212: 1 | D212: 2 | E212: 6 | F212: 3 | G212: 1 | I212: 3 | J212: 13 | K212: 18 | L212: 22 | M212: 4 | N212: 73
A213: 338732 | B213: Bug | C213: 1 | D213: 7 | E213: 5 | F213: 5 | G213: 1 | K213: 1 | L213: 3 | M213: 3 | N213: 26
A214: 69913 | B214: AIR | H214: 2 | I214: 18218 | J214: 45281 | K214: 1596 | L214: 2714 | M214: 241 | N214: 68052
A215: 98972 | B215: DUNK | I215: 1234 | J215: 2052 | K215: 13885 | L215: 1324 | M215: 357 | N215: 18852
A216: 553905 | B216: HYPERWARM | D216: 1 | I216: 5901 | J216: 27 | K216: 4 | L216: 1 | M216: 2 | N216: 5936
A217: 617190 | B217: BVLGARI SERPENTI | F217: 227 | G217: 1087 | H217: 725 | I217: 963 | J217: 966 | K217: 593 | L217: 363 | M217: 179 | N217: 5103
A218: 443389 | B218: 日産 | D218: 693 | E218: 1004 | F218: 813 | G218: 610 | H218: 103 | I218: 69 | J218: 177 | K218: 6 | L218: 15 | M218: 3 | N218: 3493
A219: 553946 | B219: AIR FORCE I | I219: 192 | J219: 701 | K219: 1605 | L219: 894 | M219: 80 | N219: 3472
A220: 553894 | B220: VOMERO | D220: 3 | E220: 36 | F220: 31 | G220: 11 | H220: 73 | I220: 284 | J220: 147 | K220: 1662 | L220: 591 | M220: 30 | N220: 2868
A221: 587223 | B221: Ranger | E221: 342 | F221: 504 | G221: 398 | H221: 358 | I221: 180 | J221: 161 | K221: 14 | L221: 24 | M221: 29 | N221: 2010
A222: 587469 | B222: H | K222: 416 | L222: 1416 | M222: 91 | N222: 1923
A223: 338709 | B223: FOX | D223: 227 | E223: 515 | F223: 1019 | I223: 2 | K223: 1 | N223: 1764
A224: 457779 | B224: V | K224: 826 | L224: 355 | M224: 141 | N224: 1322
A225: 385894 | B225: iPod | E225: 51 | F225: 288 | G225: 407 | H225: 40 | I225: 64 | J225: 53 | K225: 49 | L225: 32 | M225: 72 | N225: 1056
A226: 553911 | B226: FLYWIRE | F226: 71 | G226: 2 | H226: 2 | I226: 336 | J226: 89 | K226: 158 | L226: 106 | M226: 31 | N226: 795
A227: 553865 | B227: THERMA-FIT | E227: 5 | F227: 8 | G227: 3 | H227: 4 | I227: 11 | J227: 18 | K227: 171 | L227: 392 | M227: 24 | N227: 636
A228: 553889 | B228: NIKE AIR VAPORMAX | I228: 21 | J228: 163 | K228: 123 | L228: 212 | M228: 3 | N228: 522
A229: 338694 | B229: XL1 | D229: 21 | E229: 13 | F229: 14 | G229: 7 | I229: 4 | J229: 62 | K229: 78 | L229: 47 | M229: 3 | N229: 249
A230: 462869 | B230: SURFACE | E230: 21 | F230: 28 | G230: 6 | H230: 4 | I230: 75 | J230: 31 | K230: 17 | L230: 4 | M230: 7 | N230: 193
A231: 553893 | B231: NIKE SHOX | I231: 5 | J231: 55 | K231: 120 | L231: 5 | M231: 2 | N231: 187
A232: 1475249 | B232: PHANTOM PACO RABANNE | D232: 10 | E232: 35 | F232: 57 | G232: 43 | H232: 4 | I232: 2 | J232: 15 | K232: 8 | L232: 3 | M232: 1 | N232: 178
A233: 553873 | B233: NIKE LUNAR | E233: 1 | F233: 1 | G233: 1 | I233: 27 | J233: 53 | K233: 46 | L233: 14 | M233: 7 | N233: 150
A234: 553903 | B234: HYPERCOOL | D234: 2 | E234: 6 | F234: 2 | G234: 30 | H234: 8 | I234: 25 | J234: 61 | K234: 6 | L234: 5 | M234: 2 | N234: 147
A235: 553970 | B235: AIR FLIGHT | I235: 115 | J235: 5 | K235: 24 | L235: 1 | N235: 145
A236: 553969 | B236: M | J236: 86 | K236: 2 | N236: 88
A237: 338716 | B237: FUSCA | D237: 3 | E237: 4 | F237: 1 | G237: 7 | H237: 3 | I237: 10 | J237: 3 | K237: 18 | L237: 13 | M237: 6 | N237: 68
A238: 553926 | B238: NIKE SPHERE | K238: 39 | L238: 3 | M238: 2 | N238: 44
A239: 553924 | B239: MAGISTA | G239: 3 | H239: 2 | I239: 13 | J239: 5 | K239: 1 | L239: 4 | M239: 2 | N239: 30
A240: 566021 | B240: Lakme | D240: 2 | E240: 5 | F240: 3 | G240: 3 | I240: 1 | J240: 6 | K240: 3 | L240: 1 | N240: 24
A241: 338677 | B241: VAS | F241: 7 | I241: 5 | K241: 1 | L241: 7 | M241: 3 | N241: 23
A242: 553951 | B242: HYPERSTRONG | I242: 17 | N242: 17
A243: 338725 | B243: California | G243: 9 | H243: 4 | I243: 3 | N243: 16
A244: 553895 | B244: LUNARGLIDE | F244: 3 | I244: 5 | J244: 2 | K244: 3 | L244: 3 | N244: 16
A245: 632107 | B245: CARBON CORE | H245: 1 | I245: 4 | L245: 4 | M245: 3 | N245: 12
...
